start,end,media_concordancia_estrita,media_entropia,media_similaridade_cosseno,media_transicoes
1,9,0.5555555555555556,0.7895053239385874,0.9677640294081302,3.111111111111111
2,10,0.4444444444444444,0.8882525073065984,0.9638548007177641,3.3333333333333335
3,11,0.3333333333333333,0.9697884598783735,0.9583220575524538,3.5555555555555554
4,12,0.2222222222222222,1.0321139327805167,0.9515103981300563,4.333333333333333
5,13,0.1111111111111111,1.0461096268945846,0.9481229376507836,5.111111111111111
6,14,0.2222222222222222,1.0064900253128573,0.953176106613782,4.666666666666667
7,15,0.3333333333333333,0.9355697145012195,0.9625231363805999,3.3333333333333335
8,16,0.4444444444444444,0.8585141904410376,0.9696811819308054,2.2222222222222223
9,17,0.4444444444444444,0.7982780854040707,0.9716418326711551,2.2222222222222223
10,18,0.5555555555555556,0.7653732571769508,0.9766319327087315,2.0
11,19,0.6666666666666666,0.7515050837462957,0.9792877913534634,1.7777777777777777
12,20,0.7777777777777778,0.7448449529249541,0.9834852471705491,1.5555555555555556
13,21,0.8888888888888888,0.7116596581246968,0.9899195978756361,0.7777777777777778
14,22,1.0,0.6903853167841639,0.99385352185941,0.0
15,23,1.0,0.7085369407625272,0.9938361116686557,0.0
16,24,1.0,0.7510057412168885,0.9934357950418735,0.0
17,25,1.0,0.799830644021404,0.9929894535682473,0.0
18,26,1.0,0.8570085576027736,0.9923855181620248,0.0
19,27,1.0,0.8835664408764006,0.9922482785356996,0.0
20,28,1.0,0.8810697513317399,0.9932698283491904,0.0
21,29,1.0,0.8347417951390769,0.9945251776180641,0.0
22,30,0.8888888888888888,0.8330769325121152,0.9882450159382752,0.4444444444444444
23,31,0.8888888888888888,0.7659705524813782,0.9897405683543994,0.4444444444444444
24,32,0.8888888888888888,0.6850587672123677,0.9902860884495561,0.4444444444444444
25,33,0.8888888888888888,0.5937145417191457,0.990872970813757,0.4444444444444444
26,34,0.8888888888888888,0.5070365564788141,0.991341972974536,0.4444444444444444
27,35,0.8888888888888888,0.41118896564278984,0.9919737911617457,0.4444444444444444
28,36,0.8888888888888888,0.3159195968374298,0.9928381987706896,0.4444444444444444
29,37,0.8888888888888888,0.2358243552575592,0.9930700404740528,0.4444444444444444
30,38,0.8888888888888888,0.18467017193716181,0.9931550338539604,0.4444444444444444
31,39,1.0,0.10320810982844142,0.9999408282035822,0.0
32,40,1.0,0.07369210568726577,0.9999596220133095,0.0
33,41,1.0,0.050462694501162,0.9999877966416411,0.0
34,42,1.0,0.036915154235887405,0.9999957496844003,0.0
35,43,1.0,0.03005998245012474,0.9999996447271133,0.0
36,44,1.0,0.02883514457450203,0.9999998777747344,0.0
37,45,1.0,0.028373527023441023,0.9999999131458464,0.0
38,46,1.0,0.028371977867021378,0.9999999131461029,0.0
39,47,1.0,0.028658790859069902,0.9999999374933051,0.0
40,48,1.0,0.029260810553613528,0.9999999524285269,0.0
41,49,1.0,0.031300485247871844,0.9999999131984614,0.0
42,50,1.0,0.04099747770762312,0.9999978700682751,0.0
43,51,1.0,0.06952474667988524,0.9999732725370458,0.0
44,52,1.0,0.09082239115289358,0.9999582912778813,0.0
45,53,1.0,0.09762468607787102,0.9999568920479935,0.0
46,54,1.0,0.10147287499824541,0.99995666696699,0.0
47,55,1.0,0.10205841860309536,0.9999566403953541,0.0
48,56,1.0,0.10208525156004167,0.9999566372845428,0.0
49,57,1.0,0.102884668938172,0.999956628643344,0.0
50,58,1.0,0.10367442388347976,0.9999564721240333,0.0
51,59,1.0,0.1043649691797246,0.9999564653701698,0.0
52,60,1.0,0.11245862439576297,0.9999420174977723,0.0
53,61,0.8888888888888888,0.19743837688706434,0.9956711560604296,0.6666666666666666
54,62,0.8888888888888888,0.27949292471585857,0.9953323912800186,0.6666666666666666
55,63,0.7777777777777778,0.383869802430636,0.9917502525959835,2.5555555555555554
56,64,0.6666666666666666,0.49232769776840374,0.9877230299071209,4.444444444444445
57,65,0.5555555555555556,0.5984005696671997,0.9856356221588773,4.666666666666667
58,66,0.5555555555555556,0.6147944394224476,0.9856234610011653,4.666666666666667
59,67,0.5555555555555556,0.6265548104854362,0.9856094746933771,4.666666666666667
60,68,0.4444444444444444,0.724369172547417,0.9579464644111665,5.888888888888889
61,69,0.4444444444444444,0.7283334769107432,0.9579303003028531,5.888888888888889
62,70,0.5555555555555556,0.6333709978167426,0.9622023031911721,5.222222222222222
63,71,0.5555555555555556,0.5487713997700195,0.9625411910487147,5.222222222222222
64,72,0.6666666666666666,0.44118259815046307,0.966123498185459,3.3333333333333335
65,73,0.7777777777777778,0.33224423634478045,0.9701507360777869,1.4444444444444444
66,74,0.8888888888888888,0.2265542035601381,0.9722381184403732,1.2222222222222223
67,75,0.8888888888888888,0.2100877056598977,0.9722502316844748,1.2222222222222223
68,76,0.8888888888888888,0.19621214027262981,0.9722643736931418,1.2222222222222223
69,77,1.0,0.08854620301316705,0.9999293993720626,0.0
70,78,1.0,0.048573855361471976,0.9999845832391284,0.0
71,79,1.0,0.03814745710648131,0.9999984014192369,0.0
72,80,1.0,0.03542540711400968,0.9999995507152806,0.0
73,81,1.0,0.03537468570326423,0.9999995679070359,0.0
74,82,1.0,0.03675690467992328,0.9999994694309667,0.0
75,83,1.0,0.04169407172024854,0.999997566701962,0.0
76,84,1.0,0.047483963038121135,0.9999962902472189,0.0
77,85,1.0,0.06677005488809501,0.9999857371233689,0.0
78,86,1.0,0.1396934615095533,0.998191249740014,0.0
79,87,1.0,0.2053983491680947,0.996689449588961,0.0
80,88,1.0,0.2284984913923363,0.996681510182579,0.0
81,89,1.0,0.24554098984528183,0.9966600759152234,0.0
82,90,1.0,0.2510264670567973,0.9966573518112105,0.0
83,91,1.0,0.2503972019423746,0.9966572162922319,0.0
84,92,1.0,0.24684543026332445,0.9966589110754617,0.0
85,93,1.0,0.24257209352484757,0.9966600917350816,0.0
86,94,1.0,0.22804529254936318,0.9966702479815653,0.0
87,95,1.0,0.1687398145199691,0.9984639729863672,0.0
88,96,1.0,0.15664363223001015,0.9998611379964194,0.0
89,97,1.0,0.23412282362798154,0.9985414171564779,0.0
90,98,1.0,0.24634795114826907,0.9985295256436179,0.0
91,99,1.0,0.2502407486718244,0.9985309146208812,0.0
92,100,1.0,0.27189859005352557,0.9985153342038752,0.0
93,101,1.0,0.31986644510287804,0.9983675724201899,0.0
94,102,1.0,0.3933321538201467,0.996901138195907,0.0
95,103,0.8888888888888888,0.4914477899608049,0.9869870184563645,0.6666666666666666
96,104,0.7777777777777778,0.5831673498514852,0.9642556986093295,2.5555555555555554
97,105,0.7777777777777778,0.5490116074675075,0.9643502998515303,2.5555555555555554
98,106,0.7777777777777778,0.45468705226237077,0.9656761685406176,2.5555555555555554
99,107,0.7777777777777778,0.42654286752542464,0.9657093968523187,2.5555555555555554
100,108,0.7777777777777778,0.41714022724505173,0.9657107439819685,2.5555555555555554
101,109,0.7777777777777778,0.39521017105794765,0.9657264720923836,2.5555555555555554
102,110,0.7777777777777778,0.3454739253290739,0.9658744543553612,2.5555555555555554
103,111,0.7777777777777778,0.26999346149671255,0.967340988538221,2.5555555555555554
104,112,0.8888888888888888,0.1672922662468421,0.9772554654426637,1.8888888888888888
105,113,1.0,0.06415910294586395,0.9999867109523289,0.0
106,114,1.0,0.04668517146527655,0.9999954170076659,0.0
107,115,1.0,0.04079806260056178,0.9999970146358302,0.0
108,116,1.0,0.03965113207348341,0.9999971560213928,0.0
109,117,1.0,0.04455526547568121,0.9999949579116042,0.0
110,118,1.0,0.05999698896337326,0.9999607013925095,0.0
111,119,1.0,0.06493881109491355,0.9999587146536817,0.0
112,120,1.0,0.06577899262883855,0.9999585805467714,0.0
113,121,1.0,0.06580359808722296,0.9999586151409728,0.0
114,122,1.0,0.06319316765275607,0.9999594725259975,0.0
115,123,1.0,0.060392750784704505,0.9999608104319846,0.0
116,124,1.0,0.05876838365698552,0.9999610111150743,0.0
117,125,1.0,0.05691812803276001,0.9999610675824494,0.0
118,126,1.0,0.0513494541598677,0.999963281793258,0.0
119,127,1.0,0.035088353538583444,0.9999976144678944,0.0
120,128,1.0,0.030119080233142588,0.9999996171698654,0.0
121,129,1.0,0.03083321319670342,0.9999993091711809,0.0
122,130,1.0,0.04165415425699673,0.9999782681398892,0.0
123,131,0.8888888888888888,0.08709714138755474,0.9962950400916297,0.4444444444444444
124,132,0.8888888888888888,0.1315427928931314,0.9947878266547332,0.4444444444444444
125,133,0.8888888888888888,0.15573883325546686,0.9946997852252019,0.4444444444444444
126,134,0.8888888888888888,0.19693063909302733,0.9931951302299515,0.4444444444444444
127,135,0.8888888888888888,0.23335079558174923,0.9926845791227952,0.4444444444444444
128,136,0.8888888888888888,0.2799847427859567,0.9920073001800621,0.4444444444444444
129,137,0.7777777777777778,0.37746275414504354,0.9861709910626045,0.8888888888888888
130,138,0.7777777777777778,0.45695021614446063,0.9852918331985582,0.8888888888888888
131,139,0.7777777777777778,0.4644551491302531,0.9852819849196239,0.8888888888888888
132,140,0.7777777777777778,0.5243774491703119,0.9762566986243044,1.4444444444444444
133,141,0.6666666666666666,0.5880647234256194,0.9695579008904761,2.4444444444444446
134,142,0.5555555555555556,0.6722184625441933,0.9638060795818796,3.3333333333333335
135,143,0.5555555555555556,0.7138880393255977,0.9627496009997416,3.3333333333333335
136,144,0.5555555555555556,0.7469452742887317,0.9621999391140553,3.3333333333333335
137,145,0.4444444444444444,0.8024013821317142,0.9585144637847627,3.5555555555555554
138,146,0.4444444444444444,0.8121222999630906,0.9552457087136644,5.111111111111111
139,147,0.3333333333333333,0.8332298991050031,0.9489003290603654,6.0
140,148,0.2222222222222222,0.8935524347061468,0.9381201822946852,6.777777777777778
141,149,0.3333333333333333,0.8059689822363008,0.9508035554081246,5.777777777777778
142,150,0.4444444444444444,0.7050631633437415,0.9590073807989486,4.777777777777778
143,151,0.5555555555555556,0.5984601904275992,0.964847115042894,3.888888888888889
144,152,0.5555555555555556,0.5159637936184281,0.9674082719730317,3.888888888888889
145,153,0.5555555555555556,0.44653824617364507,0.9684684902769456,3.888888888888889
146,154,0.6666666666666666,0.34388797163820445,0.9728312501267441,3.6666666666666665
147,155,0.7777777777777778,0.23655965279799077,0.9819363005922352,1.6666666666666667
148,156,0.8888888888888888,0.13384311326864531,0.9891613265249178,0.7777777777777778
149,157,1.0,0.054360178656391436,0.9999724159981006,0.0
150,158,1.0,0.03657810268205292,0.999997557245082,0.0
151,159,1.0,0.03039578518522003,0.9999996546870492,0.0
152,160,1.0,0.029147862979781898,0.9999998117781266,0.0
153,161,1.0,0.029328271635430274,0.9999997949831447,0.0
154,162,1.0,0.030962895927648407,0.9999994381755776,0.0
155,163,1.0,0.04147161093084302,0.9999756626427563,0.0
156,164,1.0,0.04923852218981906,0.9999696546012538,0.0
157,165,1.0,0.057858250676628246,0.9999661642219828,0.0
158,166,1.0,0.07027941685649837,0.9999570101026889,0.0
159,167,1.0,0.07857851480329321,0.9999528137849146,0.0
160,168,1.0,0.08371081828752108,0.9999488177936754,0.0
161,169,1.0,0.0887158875744292,0.9999467146116979,0.0
162,170,1.0,0.09091153679307336,0.9999461376234053,0.0
163,171,1.0,0.09519127320774944,0.9999431533783052,0.0
164,172,1.0,0.10315221292459151,0.9999430166944236,0.0
165,173,1.0,0.11917486819370188,0.9998732654772758,0.0
166,174,1.0,0.17071700952890997,0.997919784514477,0.0
167,175,0.8888888888888888,0.26762994252110567,0.9937788180465321,1.4444444444444444
168,176,0.8888888888888888,0.34958679538392023,0.9924233475885644,1.4444444444444444
169,177,0.8888888888888888,0.44454623834776125,0.989687395496143,1.4444444444444444
170,178,0.8888888888888888,0.5012434980985394,0.9893749490376198,1.4444444444444444
171,179,0.8888888888888888,0.5256707148119202,0.9893409849022281,1.4444444444444444
172,180,0.8888888888888888,0.5354762424728831,0.9893375084144367,1.4444444444444444
173,181,0.8888888888888888,0.5268122612711806,0.9893607926159864,1.4444444444444444
174,182,0.7777777777777778,0.5902454887284839,0.9857602882957531,1.6666666666666667
175,183,0.6666666666666666,0.6527502709256338,0.9746912611673212,3.7777777777777777
176,184,0.6666666666666666,0.6854679269760919,0.9623764351680504,4.555555555555555
177,185,0.5555555555555556,0.7440187358153085,0.9463378843572556,6.222222222222222
178,186,0.4444444444444444,0.7866449873185241,0.9271923865857435,7.333333333333333
179,187,0.3333333333333333,0.8843007548343446,0.8976478705657542,8.666666666666666
180,188,0.2222222222222222,1.0091132635478968,0.8751657345534691,9.777777777777779
181,189,0.1111111111111111,1.088273708570048,0.8690902589692391,10.0
182,190,0.1111111111111111,1.11272790381902,0.8689746463812624,10.0
183,191,0.2222222222222222,1.1012088852313417,0.8673379787504056,9.777777777777779
184,192,0.2222222222222222,1.0655832119887598,0.8703970766813017,8.555555555555555
185,193,0.3333333333333333,0.9593138697071798,0.8863308294782196,6.333333333333333
186,194,0.4444444444444444,0.825185520745261,0.903648220019403,4.666666666666667
187,195,0.5555555555555556,0.6928906479157748,0.9255127741407585,3.5555555555555554
188,196,0.6666666666666666,0.545668821887884,0.9553398648381931,2.2222222222222223
189,197,0.7777777777777778,0.4074504579537426,0.9778124023697975,1.1111111111111112
190,198,0.8888888888888888,0.3308196906217627,0.9838411432077427,0.8888888888888888
191,199,0.8888888888888888,0.3222272194827652,0.9838725259309425,0.8888888888888888
192,200,0.7777777777777778,0.32536288582891076,0.9854595496574142,1.3333333333333333
193,201,0.7777777777777778,0.3443765837026083,0.9914594505478829,1.1111111111111112
194,202,0.6666666666666666,0.4150515430942222,0.9781382487143424,3.111111111111111
195,203,0.5555555555555556,0.4967194654355438,0.9703476320338825,3.7777777777777777
196,204,0.5555555555555556,0.5508999226908106,0.9694330128264208,3.7777777777777777
197,205,0.5555555555555556,0.5521357159039757,0.9694573510493102,3.7777777777777777
198,206,0.5555555555555556,0.5417083219156489,0.9695006597908868,3.7777777777777777
199,207,0.5555555555555556,0.5245649768021067,0.969554137252638,3.7777777777777777
200,208,0.5555555555555556,0.49971865391985415,0.9696390079297665,3.7777777777777777
201,209,0.6666666666666666,0.4210882137392764,0.973364913898309,3.3333333333333335
202,210,0.7777777777777778,0.3152419743369001,0.977331933379289,2.6666666666666665
203,211,0.8888888888888888,0.2090425967375925,0.9911843104749697,0.6666666666666666
204,212,1.0,0.11295157789794692,0.9990557335274279,0.0
205,213,1.0,0.04784656551743996,0.9999913274515527,0.0
206,214,1.0,0.03460240199983189,0.9999989503799349,0.0
207,215,1.0,0.03171045904038305,0.9999997896989792,0.0
208,216,1.0,0.03086260076497295,0.9999998506066936,0.0
209,217,1.0,0.03134530807046529,0.9999998059485515,0.0
210,218,1.0,0.032320016697722935,0.999999643364169,0.0
211,219,1.0,0.03423192480729693,0.9999992951329898,0.0
212,220,1.0,0.038156651586501666,0.9999975326713018,0.0
213,221,1.0,0.043484490050228135,0.9999913536128366,0.0
214,222,1.0,0.04751292984669039,0.9999882035724931,0.0
215,223,1.0,0.05029092406606176,0.999986470165128,0.0
216,224,1.0,0.05887034460183946,0.9999571749339154,0.0
217,225,1.0,0.07214873673941165,0.9999036880073395,0.0
218,226,1.0,0.09081831555546167,0.9998602334252534,0.0
219,227,1.0,0.1254067048452735,0.9993016084745872,0.0
220,228,1.0,0.17503336144388218,0.9978730040949451,0.0
221,229,1.0,0.24482498764669736,0.994246090884734,0.0
222,230,0.8888888888888888,0.34746817905951155,0.9783834639907375,0.8888888888888888
223,231,0.7777777777777778,0.45690361270034724,0.9664184242332384,2.111111111111111
224,232,0.7777777777777778,0.5226394700596231,0.9651006235850345,2.111111111111111
225,233,0.7777777777777778,0.5520300858259604,0.9650539682458626,2.111111111111111
226,234,0.7777777777777778,0.5675268064528571,0.9650981457244114,2.111111111111111
227,235,0.7777777777777778,0.579994843620959,0.9651310979518539,2.111111111111111
228,236,0.7777777777777778,0.5828046579010732,0.9656665741690199,2.111111111111111
229,237,0.7777777777777778,0.5575004291020508,0.9670883293241666,2.111111111111111
230,238,0.7777777777777778,0.50647457840243,0.9707140489104825,2.111111111111111
231,239,0.8888888888888888,0.4157788700566333,0.9865812112996252,1.2222222222222223
232,240,1.0,0.31320554770990855,0.9985491385820406,0.0
233,241,1.0,0.2542974406582832,0.999868421341264,0.0
234,242,1.0,0.22439684027469398,0.999944275598764,0.0
235,243,1.0,0.20328592138888324,0.9999534747687385,0.0
236,244,1.0,0.18025496509403782,0.9999638246275891,0.0
237,245,1.0,0.15069670708623686,0.9999868807613596,0.0
238,246,1.0,0.1341602808947967,0.9999938432480115,0.0
239,247,1.0,0.11970257966566497,0.999996708043495,0.0
240,248,1.0,0.11008100529367931,0.9999981371070409,0.0
241,249,1.0,0.10732002816101473,0.9999980612806616,0.0
242,250,1.0,0.11111329284355796,0.9999474814200843,0.0
243,251,1.0,0.11960940381211543,0.9998859528367569,0.0
244,252,1.0,0.13567993589755034,0.9998160460708232,0.0
245,253,1.0,0.1422506296558662,0.9998141872998636,0.0
246,254,1.0,0.1465227332759131,0.9998137966493866,0.0
247,255,1.0,0.15357588514213444,0.9998123519906085,0.0
248,256,1.0,0.15712986825805936,0.9998119558552175,0.0
249,257,1.0,0.16266818040934405,0.9998111874230199,0.0
250,258,1.0,0.1713395720445907,0.9998096607650321,0.0
251,259,1.0,0.17658366892827113,0.9998570024276001,0.0
252,260,1.0,0.182285625731432,0.9999122899298949,0.0
253,261,1.0,0.1836936827558039,0.9999674867563991,0.0
254,262,1.0,0.1940246846404737,0.9999575844067681,0.0
255,263,1.0,0.19450804394393267,0.9999572638285363,0.0
256,264,1.0,0.1878052875415105,0.9999586542607055,0.0
257,265,1.0,0.18622197749892816,0.9999587873265783,0.0
258,266,1.0,0.1872907054335192,0.9999576677652153,0.0
259,267,1.0,0.18840603670109757,0.9999496719707192,0.0
260,268,1.0,0.18849370621765577,0.9999454848768295,0.0
261,269,1.0,0.18495763438769364,0.9999493723745911,0.0
262,270,1.0,0.17616076062771924,0.9999622942381821,0.0
263,271,1.0,0.1675591496153293,0.9999728482232363,0.0
264,272,1.0,0.167693088565571,0.9999732067645234,0.0
265,273,1.0,0.17377264286199715,0.9999721235235592,0.0
266,274,1.0,0.18196803129866343,0.9999701204743866,0.0
267,275,1.0,0.18288372827611835,0.9999702537705206,0.0
268,276,1.0,0.18784071478918868,0.999968089027204,0.0
269,277,1.0,0.19527565174322958,0.9999670134744922,0.0
270,278,1.0,0.20465615988582098,0.999957114015703,0.0
271,279,1.0,0.20675879827009302,0.999955772949084,0.0
272,280,1.0,0.2114407708612635,0.9999451715267459,0.0
273,281,1.0,0.21787458540254276,0.9999399459514196,0.0
274,282,1.0,0.21922824185632878,0.9999392461633837,0.0
275,283,1.0,0.2180493875078826,0.9999383543363274,0.0
276,284,1.0,0.2171309758235172,0.9999375316887313,0.0
277,285,1.0,0.20650659315903372,0.9999482419413719,0.0
278,286,1.0,0.1907447685008848,0.9999547970776871,0.0
279,287,1.0,0.17752427446356037,0.9999574234241732,0.0
280,288,1.0,0.17222949594497525,0.9999580934743408,0.0
281,289,1.0,0.1674818943210122,0.9999647827473477,0.0
282,290,1.0,0.16532312740483573,0.9999597798599607,0.0
283,291,1.0,0.16499547912944834,0.999947697837919,0.0
284,292,1.0,0.17492628095895538,0.9999015640143926,0.0
285,293,1.0,0.18628413343961625,0.9998889277955799,0.0
286,294,1.0,0.1954108586073381,0.9998803134649249,0.0
287,295,1.0,0.1961007196300755,0.9998818604280425,0.0
288,296,1.0,0.18921119992648397,0.9998914635972699,0.0
289,297,1.0,0.18571611038483257,0.9998938288409747,0.0
290,298,1.0,0.17969180847525681,0.9998987811263036,0.0
291,299,1.0,0.1750994575372244,0.9999087640996558,0.0
292,300,1.0,0.1698598750464504,0.9999223857285463,0.0
293,301,1.0,0.15323439789007562,0.9999713397072073,0.0
294,302,1.0,0.13749879576292792,0.9999849229567652,0.0
295,303,1.0,0.12900809573023894,0.9999910748280586,0.0
296,304,1.0,0.12887187804492936,0.9999910859279519,0.0
297,305,1.0,0.1421751733243131,0.999973103902961,0.0
298,306,1.0,0.150912138912793,0.9999630037301126,0.0
299,307,1.0,0.16934376079540756,0.9998017492882916,0.0
300,308,1.0,0.1876360104083553,0.9997249037411517,0.0
301,309,1.0,0.2042411125449577,0.9996856434418017,0.0
302,310,1.0,0.2153704168313214,0.9996785118561599,0.0
303,311,1.0,0.21713028044454574,0.9996797152021277,0.0
304,312,1.0,0.21228043210691552,0.9996831758334158,0.0
305,313,1.0,0.2652974546509626,0.9935976837371394,0.0
306,314,0.8888888888888888,0.3240633726769151,0.9843238466377875,0.2222222222222222
307,315,0.7777777777777778,0.40970302536685793,0.9523205856731636,1.2222222222222223
308,316,0.6666666666666666,0.48511994727405217,0.9207571223886453,2.2222222222222223
309,317,0.5555555555555556,0.5404647262134723,0.9041120515074661,3.3333333333333335
310,318,0.4444444444444444,0.5864680951092107,0.8909036060562465,4.444444444444445
311,319,0.3333333333333333,0.6241740866909273,0.8856336866741716,4.666666666666667
312,320,0.3333333333333333,0.6584442162912022,0.8841990657120868,4.666666666666667
313,321,0.3333333333333333,0.6664738860632603,0.884166487053528,4.666666666666667
314,322,0.3333333333333333,0.6172282869276413,0.8902418264375961,4.666666666666667
315,323,0.4444444444444444,0.5531032561378879,0.899527139501228,4.444444444444445
316,324,0.5555555555555556,0.4663203444203428,0.9315281787690982,3.4444444444444446
317,325,0.6666666666666666,0.3804203012943297,0.963232785346996,2.4444444444444446
318,326,0.7777777777777778,0.3119813952783245,0.9799402791443804,1.3333333333333333
319,327,0.8888888888888888,0.2745331218325957,0.9924798572400496,0.2222222222222222
320,328,1.0,0.27574202921296687,0.9947675215167582,0.0
321,329,0.8888888888888888,0.3180406874911816,0.9826696012936829,0.6666666666666666
322,330,0.7777777777777778,0.39865590166603543,0.9651605407326908,1.5555555555555556
323,331,0.6666666666666666,0.49056921397930586,0.9450542551387452,2.4444444444444446
324,332,0.5555555555555556,0.584424388443706,0.9266080803868145,3.3333333333333335
325,333,0.4444444444444444,0.6874387574299917,0.8985823266467656,4.777777777777778
326,334,0.3333333333333333,0.7867617676136237,0.8637665393414669,6.222222222222222
327,335,0.2222222222222222,0.8838498840934143,0.834286343398984,7.555555555555555
328,336,0.1111111111111111,0.9520907700429055,0.8162130292652058,8.666666666666666
329,337,0.0,1.0023538530619969,0.7883683734539702,9.88888888888889
330,338,0.0,1.0217848225546637,0.7680836550996976,10.444444444444445
331,339,0.0,1.0258482339251966,0.7572641911592219,10.777777777777779
332,340,0.0,1.0289991004521288,0.7433094892540812,11.11111111111111
333,341,0.0,1.033290461939619,0.7280306394961916,11.444444444444445
334,342,0.0,1.0237638626613874,0.7286232791318915,11.444444444444445
335,343,0.0,0.9946324317197538,0.7413617729917182,11.11111111111111
336,344,0.0,0.9443865345166879,0.75905031961545,10.88888888888889
337,345,0.1111111111111111,0.8794419459174727,0.7760620362207905,9.777777777777779
338,346,0.2222222222222222,0.8014453188560583,0.8065847803761398,8.555555555555555
339,347,0.3333333333333333,0.7036946399911255,0.8403959484957074,7.333333333333333
340,348,0.4444444444444444,0.6089936586533867,0.8687443616169866,6.111111111111111
341,349,0.5555555555555556,0.5144268673866687,0.9026530745939149,4.888888888888889
342,350,0.6666666666666666,0.4082702478060168,0.9363743856311295,3.6666666666666665
343,351,0.7777777777777778,0.30309117807111785,0.9638147811915773,2.2222222222222223
344,352,0.8888888888888888,0.22407358730576898,0.9858670334230687,1.1111111111111112
345,353,1.0,0.18608747449126004,0.9960937381055134,0.0
346,354,1.0,0.15523868007665398,0.9978454119421455,0.0
347,355,1.0,0.1251503985556491,0.9981552272594318,0.0
348,356,1.0,0.11865830151613298,0.9981603968183238,0.0
349,357,1.0,0.12526757442440417,0.9981599272754512,0.0
350,358,1.0,0.14352951574857334,0.9982204434936457,0.0
351,359,1.0,0.16556483536748332,0.9981034755438368,0.0
352,360,1.0,0.18097553616958695,0.998080450502031,0.0
353,361,1.0,0.20612340497284048,0.997987697385053,0.0
354,362,1.0,0.21759523086979737,0.9992719865618541,0.0
355,363,1.0,0.23852433584992402,0.9990339577623097,0.0
356,364,1.0,0.2914335049908962,0.9964653204604532,0.0
357,365,0.8888888888888888,0.35134327414764993,0.991296111123855,0.2222222222222222
358,366,0.7777777777777778,0.4321374909799156,0.9735307868628298,1.1111111111111112
359,367,0.6666666666666666,0.5085684312176736,0.9312441387644225,2.3333333333333335
360,368,0.5555555555555556,0.5883196217509626,0.8783441788433275,3.5555555555555554
361,369,0.4444444444444444,0.6799132567928386,0.8336235634949969,4.777777777777778
362,370,0.3333333333333333,0.7495238450115301,0.8054810809697432,6.0
363,371,0.2222222222222222,0.8033537835137705,0.7927967547076641,7.444444444444445
364,372,0.2222222222222222,0.8012569422283203,0.7930293379567052,7.444444444444445
365,373,0.2222222222222222,0.7922843688003236,0.7952668293432038,7.444444444444445
366,374,0.3333333333333333,0.789336905527472,0.7999661385262942,7.222222222222222
367,375,0.4444444444444444,0.7502729800023984,0.8174476462448376,6.333333333333333
368,376,0.5555555555555556,0.6691220374350697,0.8597990191440814,5.111111111111111
369,377,0.6666666666666666,0.5827355247430047,0.9127072515028076,3.888888888888889
370,378,0.7777777777777778,0.5548701293726431,0.9540637391647105,2.6666666666666665
371,379,0.8888888888888888,0.49634312451451873,0.9814571149278061,1.4444444444444444
372,380,1.0,0.4298519071191892,0.994401613270149,0.0
373,381,1.0,0.41346296840708513,0.9944185432279746,0.0
374,382,1.0,0.37125476267585267,0.9947503174916592,0.0
375,383,1.0,0.31459733697249065,0.995220536743385,0.0
376,384,1.0,0.262926194724246,0.9955174370935828,0.0
377,385,1.0,0.23604996721921145,0.9955546150991736,0.0
378,386,1.0,0.2135383067267781,0.995673530507781,0.0
379,387,1.0,0.12980713690104595,0.9990658652222838,0.0
380,388,1.0,0.08677100373916834,0.9999527011311531,0.0
381,389,1.0,0.07153597128311225,0.9999737239998117,0.0
382,390,1.0,0.07778921435206537,0.9999628591519136,0.0
383,391,1.0,0.09476278583925139,0.9999543028579496,0.0
384,392,1.0,0.1150461740874874,0.999941005152996,0.0
385,393,1.0,0.14211038931435885,0.9999148825610512,0.0
386,394,1.0,0.20698025918243435,0.9993565212581846,0.0
387,395,1.0,0.2805452124941531,0.9984523738337318,0.0
388,396,1.0,0.35034325650716497,0.9968330222638654,0.0
389,397,1.0,0.3677500745164189,0.9968249011288385,0.0
390,398,1.0,0.36618557335825414,0.9968365817512359,0.0
391,399,1.0,0.3532295515594546,0.9968539049581244,0.0
392,400,1.0,0.33461846729621403,0.996863432924098,0.0
393,401,1.0,0.3283920951273524,0.9968757303778948,0.0
394,402,1.0,0.37158285930892154,0.9963590581961763,0.0
395,403,1.0,0.40127787263814385,0.9951298487736496,0.0
396,404,1.0,0.3395244818781588,0.996031330656797,0.0
397,405,1.0,0.2763303842169754,0.9976504559551922,0.0
398,406,1.0,0.2642356298558218,0.9976588465063477,0.0
399,407,1.0,0.2569661377876516,0.9976618894466962,0.0
400,408,1.0,0.25133768232303655,0.9976625033759985,0.0
401,409,1.0,0.24826641464823507,0.9976628370955374,0.0
402,410,1.0,0.23012272990190674,0.9976651160521806,0.0
403,411,1.0,0.15687376294187058,0.9982083303165354,0.0
404,412,1.0,0.06028753163875401,0.999996562005347,0.0
405,413,1.0,0.04850215425983569,0.9999993523921069,0.0
406,414,1.0,0.04665850194414178,0.9999992726400946,0.0
407,415,1.0,0.060082180545089035,0.9999916197878309,0.0
408,416,1.0,0.12675526312035595,0.9993035235965936,0.0
409,417,1.0,0.22594465694466287,0.9965321046781731,0.0
410,418,1.0,0.32926095510120656,0.9945855464110274,0.0
411,419,1.0,0.3266453285811484,0.9945855178708543,0.0
