pos, aa_ref, concordancia_estrita, media_P_C            , media_P_H             , media_P_E             , entropia            , media_similaridade_cosseno, transicoes
  1, M     ,                  1.0, 0.9990000000000001   , 0.0007500000000000001 , 0.0                   , 0.008869178413113292,         0.9999998067567089,          0
  2, G     ,                  1.0, 0.9567777777777778   , 0.025166666666666667  , 0.006833333333333334  , 0.23032215482994683 ,         0.9999542831681877,          0
  3, N     ,                  1.0, 0.904861111111111    , 0.07658333333333332   , 0.016666666666666666  , 0.5110817902367909  ,         0.9988448262560821,          0
  4, R     ,                  1.0, 0.7505               , 0.17605555555555555   , 0.05194444444444444   , 0.9636179662058335  ,         0.9814526104332559,          0
  5, S     ,                  0.0, 0.6272777777777779   , 0.28108333333333335   , 0.055833333333333325  , 1.1599215118470687  ,         0.949514918538411 ,          4
  6, T     ,                  0.0, 0.5130277777777779   , 0.3643055555555555    , 0.04988888888888889   , 1.2288313201851804  ,         0.9141259841913859,         12
  7, A     ,                  0.0, 0.6164166666666665   , 0.29155555555555557   , 0.041249999999999995  , 1.124149139793411   ,         0.9353384649715252,         10
  8, D     ,                  1.0, 0.7418888888888888   , 0.2174444444444444    , 0.02666666666666667   , 0.9306145268259574  ,         0.9821011008793765,          0
  9, A     ,                  0.0, 0.7112222222222221   , 0.2917222222222222    , 0.011250000000000001  , 0.9481403271099847  ,         0.9485442694782386,          2
 10, D     ,                  0.0, 0.7460833333333333   , 0.2706388888888889    , 0.00838888888888889   , 0.8975938287252119  ,         0.9648167485434144,          2
 11, G     ,                  0.0, 0.7085833333333333   , 0.2924166666666667    , 0.013944444444444445  , 0.964145727975924   ,         0.9501595946803957,          2
 12, L     ,                  0.0, 0.6530833333333333   , 0.30980555555555556   , 0.029416666666666664  , 1.0720110463560775  ,         0.9375398914545034,          7
 13, L     ,                  0.0, 0.6574722222222222   , 0.3000555555555555    , 0.03608333333333333   , 1.0895792132324482  ,         0.9509654661198016,          7
 14, A     ,                  1.0, 0.8027222222222221   , 0.15758333333333335   , 0.026111111111111116  , 0.8033450976115187  ,         0.9949934392053961,          0
 15, G     ,                  1.0, 0.8863888888888889   , 0.09300000000000001   , 0.02105555555555556   , 0.5905485228804436  ,         0.9982492520927472,          0
 16, R     ,                  1.0, 0.9203888888888891   , 0.05041666666666667   , 0.01991666666666667   , 0.4306494232517721  ,         0.9997608749233752,          0
 17, G     ,                  1.0, 0.9266944444444444   , 0.04308333333333333   , 0.017944444444444447  , 0.3884895814932566  ,         0.9997469575425247,          0
 18, P     ,                  1.0, 0.8711111111111111   , 0.1275277777777778    , 0.014611111111111111  , 0.6519968730659047  ,         0.9934551698164253,          0
 19, A     ,                  1.0, 0.8318055555555556   , 0.17149999999999999   , 0.017333333333333336  , 0.7727802678493171  ,         0.9887194763460031,          0
 20, A     ,                  1.0, 0.75325              , 0.23794444444444446   , 0.01680555555555556   , 0.9042045505838489  ,         0.9879366970341651,          0
 21, G     ,                  1.0, 0.8150555555555555   , 0.16800000000000004   , 0.017111111111111115  , 0.7733433931537612  ,         0.9954490478002856,          0
 22, A     ,                  1.0, 0.7614166666666667   , 0.19902777777777778   , 0.02727777777777778   , 0.898110141167653   ,         0.9863707819737687,          0
 23, S     ,                  1.0, 0.724388888888889    , 0.21572222222222223   , 0.03358333333333333   , 0.9667097134167876  ,         0.994836747488606 ,          0
 24, A     ,                  1.0, 0.7289722222222222   , 0.2440277777777778    , 0.027722222222222224  , 0.9727677269696943  ,         0.9946464024517092,          0
 25, G     ,                  1.0, 0.7655277777777778   , 0.22136111111111115   , 0.015277777777777779  , 0.8700735484924126  ,         0.9957438016607385,          0
 26, A     ,                  1.0, 0.7589999999999999   , 0.2461388888888889    , 0.015250000000000001  , 0.9030908037255824  ,         0.9943115388865214,          0
 27, S     ,                  1.0, 0.7740000000000001   , 0.2441111111111111    , 0.014694444444444446  , 0.8910178225285483  ,         0.9922200131794984,          0
 28, A     ,                  1.0, 0.8356666666666667   , 0.19147222222222224   , 0.007416666666666667  , 0.7503100619473718  ,         0.9979134246674219,          0
 29, G     ,                  1.0, 0.9248333333333334   , 0.10033333333333333   , 0.0026944444444444446 , 0.48725294484988013 ,         0.9992348404540271,          0
 30, L     ,                  0.0, 0.8111111111111111   , 0.21186111111111114   , 0.002444444444444445  , 0.7583596295111068  ,         0.9389275926821858,          4
 31, A     ,                  1.0, 0.05005555555555555  , 0.9512222222222222    , 0.0006666666666666666 , 0.29415272089101996 ,         0.9998307537188873,          0
 32, G     ,                  1.0, 0.035916666666666666 , 0.9646944444444446    , 0.0014444444444444446 , 0.2385036459956931  ,         0.999746428345017 ,          0
 33, Q     ,                  1.0, 0.02013888888888889  , 0.9800277777777775    , 0.0007222222222222224 , 0.150669697530696   ,         0.9999283437295163,          0
 34, G     ,                  1.0, 0.010555555555555558 , 0.9898888888888889    , 0.0004444444444444446 , 0.08997168132942902 ,         0.9999648211077476,          0
 35, A     ,                  1.0, 0.004361111111111112 , 0.9959722222222221    , 0.0                   , 0.04046248620136347 ,         0.9999979025714101,          0
 36, A     ,                  1.0, 0.0035               , 0.9965555555555556    , 0.0                   , 0.033593503280308204,         0.9999996816599933,          0
 37, A     ,                  1.0, 0.0030000000000000005, 0.9974444444444442    , 0.0                   , 0.029452887728535923,         0.9999999999976913,          0
 38, L     ,                  1.0, 0.0026944444444444446, 0.9979999999999998    , 0.0                   , 0.026865294966303792,         0.9999997808731949,          0
 39, V     ,                  1.0, 0.0025000000000000005, 0.9979999999999998    , 0.0                   , 0.025201070532623285,         0.9999997418287822,          0
 40, G     ,                  1.0, 0.002888888888888889 , 0.9979999999999998    , 0.0                   , 0.028508683620439155,         0.9999998980064326,          0
 41, G     ,                  1.0, 0.0030000000000000005, 0.9979999999999998    , 0.0                   , 0.02943894532075914 ,         1.0000000000000002,          0
 42, V     ,                  1.0, 0.002916666666666667 , 0.9979999999999998    , 0.0                   , 0.028741835143224623,         0.9999999211143501,          0
 43, L     ,                  1.0, 0.002861111111111111 , 0.9979999999999998    , 0.0                   , 0.02827513525756501 ,         0.9999998764921644,          0
 44, L     ,                  1.0, 0.0030000000000000005, 0.9979999999999998    , 0.0                   , 0.02943894532075914 ,         1.0000000000000002,          0
 45, I     ,                  1.0, 0.0030000000000000005, 0.9979999999999998    , 0.0                   , 0.02943894532075914 ,         1.0000000000000002,          0
 46, G     ,                  1.0, 0.0030000000000000005, 0.9979999999999998    , 0.0                   , 0.02943894532075914 ,         1.0000000000000002,          0
 47, A     ,                  1.0, 0.0030000000000000005, 0.9976944444444443    , 0.0                   , 0.029446611894740495,         0.9999999999980159,          0
 48, V     ,                  1.0, 0.0031388888888888894, 0.9970000000000001    , 0.0                   , 0.030619247783515883,         0.9999998762457785,          0
 49, L     ,                  1.0, 0.005194444444444444 , 0.9955277777777779    , 0.0                   , 0.04686575586876396 ,         0.9999995449358426,          0
 50, A     ,                  1.0, 0.015250000000000001 , 0.9863055555555555    , 0.00022222222222222223, 0.11671187745852067 ,         0.9999816118283228,          0
 51, G     ,                  1.0, 0.04769444444444445  , 0.9547500000000001    , 0.0008333333333333335 , 0.2854872558935837  ,         0.9997785433332869,          0
 52, N     ,                  1.0, 0.03311111111111111  , 0.9679444444444444    , 0.0009166666666666668 , 0.21995393551464001 ,         0.9998650451596833,          0
 53, S     ,                  1.0, 0.010805555555555556 , 0.9898055555555554    , 0.00036111111111111115, 0.09065959964555606 ,         0.9999874069310116,          0
 54, L     ,                  1.0, 0.007555555555555556 , 0.9931944444444445    , 0.0                   , 0.06407264560412888 ,         0.9999979742709684,          0
 55, V     ,                  1.0, 0.003638888888888889 , 0.9968611111111111    , 0.0                   , 0.03470883776440854 ,         0.9999997608552771,          0
 56, C     ,                  1.0, 0.003027777777777778 , 0.9973055555555556    , 0.0                   , 0.02968810850725739 ,         0.999999972000713 ,          0
 57, V     ,                  1.0, 0.0040277777777777786, 0.996888888888889     , 0.0                   , 0.03781400418668857 ,         0.9999997984749895,          0
 58, S     ,                  1.0, 0.005833333333333334 , 0.9948888888888889    , 0.00016666666666666666, 0.05397355037653418 ,         0.999998136262047 ,          0
 59, V     ,                  1.0, 0.014888888888888889 , 0.9883333333333331    , 0.0010277777777777778 , 0.12292678512472405 ,         0.9999815510435512,          0
 60, A     ,                  1.0, 0.06038888888888889  , 0.9460833333333333    , 0.003333333333333334  , 0.35833015283792913 ,         0.9996485124817098,          0
 61, T     ,                  0.0, 0.3899444444444444   , 0.6370277777777776    , 0.0031388888888888894 , 0.9847717079363522  ,         0.9614272922235972,          6
 62, E     ,                  1.0, 0.7720277777777778   , 0.2516111111111111    , 0.0027500000000000003 , 0.8291505301047041  ,         0.996938523907315 ,          0
 63, R     ,                  0.0, 0.4208055555555556   , 0.5946111111111111    , 0.002805555555555556  , 1.0034645450371258  ,         0.9677587261146516,         17
 64, A     ,                  0.0, 0.5029999999999999   , 0.5165000000000001    , 0.0010833333333333335 , 1.010829895804318   ,         0.9637547566555122,         17
 65, L     ,                  0.0, 0.6181944444444445   , 0.41766666666666663   , 0.001166666666666667  , 0.9843439555964215  ,         0.981213302266522 ,          2
 66, Q     ,                  1.0, 0.9792777777777777   , 0.026194444444444447  , 0.001                 , 0.1853588319839201  ,         0.9998903480555819,          0
 67, T     ,                  1.0, 0.977972222222222    , 0.019611111111111114  , 0.0019722222222222224 , 0.15981688994343085 ,         0.9998722594919525,          0
 68, P     ,                  0.0, 0.44069444444444444  , 0.5787499999999999    , 0.00175               , 1.0032560436825504  ,         0.7510144585036569,         11
 69, T     ,                  1.0, 0.07116666666666666  , 0.9265                , 0.0023611111111111116 , 0.3940088921078666  ,         0.9995030355068881,          0
 70, N     ,                  1.0, 0.015694444444444445 , 0.9854166666666667    , 0.00125               , 0.1301093960903452  ,         0.9998753182184688,          0
 71, S     ,                  1.0, 0.007555555555555556 , 0.9928333333333332    , 0.00027777777777777783, 0.06775414768419721 ,         0.9999885146251979,          0
 72, F     ,                  1.0, 0.0036944444444444446, 0.9965555555555556    , 0.0                   , 0.03516533046111768 ,         0.9999994903453506,          0
 73, I     ,                  1.0, 0.0031111111111111114, 0.9971666666666665    , 0.0                   , 0.03038463955317426 ,         0.9999998976864642,          0
 74, V     ,                  1.0, 0.0034444444444444453, 0.9968333333333335    , 0.0                   , 0.03313366053464041 ,         0.9999997435297983,          0
 75, S     ,                  1.0, 0.003944444444444445 , 0.9966666666666667    , 0.0                   , 0.03716035088175663 ,         0.9999993672524958,          0
 76, L     ,                  1.0, 0.003666666666666667 , 0.9967222222222222    , 0.0                   , 0.03493680145802001 ,         0.9999995375699561,          0
 77, A     ,                  1.0, 0.0035833333333333333, 0.9967777777777778    , 0.0                   , 0.03426260834738546 ,         0.9999996896139428,          0
 78, A     ,                  1.0, 0.0035833333333333333, 0.9969444444444444    , 0.0                   , 0.03425776324261088 ,         0.9999996903104812,          0
 79, A     ,                  1.0, 0.0038333333333333336, 0.996777777777778     , 0.0                   , 0.03627181179542924 ,         0.9999996818394455,          0
 80, D     ,                  1.0, 0.004722222222222223 , 0.9959999999999999    , 0.0                   , 0.043255697751952614,         0.999998858289591 ,          0
 81, L     ,                  1.0, 0.003638888888888889 , 0.9968611111111111    , 0.0                   , 0.03470883776440854 ,         0.9999996450711478,          0
 82, L     ,                  1.0, 0.004666666666666668 , 0.996111111111111     , 0.0                   , 0.042824610343105675,         0.9999990114018417,          0
 83, L     ,                  1.0, 0.00952777777777778  , 0.9916944444444442    , 0.0                   , 0.0775681638975678  ,         0.9999826189687571,          0
 84, A     ,                  1.0, 0.0105               , 0.990361111111111     , 0.00041666666666666675, 0.08926937274261    ,         0.9999878791598067,          0
 85, L     ,                  1.0, 0.03063888888888889  , 0.9710555555555556    , 0.001                 , 0.20851162810778479 ,         0.9999045594553063,          0
 86, L     ,                  1.0, 0.18008333333333335  , 0.8221944444444446    , 0.0010555555555555557 , 0.6905732679405103  ,         0.9838493031637487,          0
 87, V     ,                  1.0, 0.15202777777777776  , 0.8495                , 0.0010555555555555557 , 0.6256017521694834  ,         0.9864834889510032,          0
 88, L     ,                  1.0, 0.03766666666666666  , 0.9627777777777777    , 0.0011666666666666668 , 0.24417309181360336 ,         0.9999282271820085,          0
 89, P     ,                  1.0, 0.028750000000000005 , 0.9723333333333333    , 0.0007500000000000001 , 0.19663818382846232 ,         0.9998059498833917,          0
 90, L     ,                  1.0, 0.01                 , 0.9906666666666665    , 0.00025               , 0.08407813266804817 ,         0.9999751281350304,          0
 91, F     ,                  1.0, 0.003944444444444445 , 0.9966388888888891    , 0.0                   , 0.03716122431330075 ,         0.9999977917310351,          0
 92, V     ,                  1.0, 0.0050277777777777794, 0.9956111111111112    , 0.0                   , 0.045602218786116894,         0.9999978720178245,          0
 93, Y     ,                  1.0, 0.005722222222222222 , 0.9954166666666667    , 0.0                   , 0.050809342096318155,         0.9999985050963868,          0
 94, S     ,                  1.0, 0.009166666666666667 , 0.9925277777777778    , 0.00019444444444444446, 0.07777041932842538 ,         0.9999959656736586,          0
 95, E     ,                  1.0, 0.02080555555555556  , 0.9821388888888889    , 0.001                 , 0.15682396567596368 ,         0.999992828206967 ,          0
 96, V     ,                  1.0, 0.10991666666666666  , 0.8979166666666666    , 0.002                 , 0.5167361115598528  ,         0.9990579740414716,          0
 97, Q     ,                  1.0, 0.6860833333333333   , 0.3660555555555556    , 0.0009166666666666668 , 0.9414858143953454  ,         0.9880507396225359,          0
 98, G     ,                  1.0, 0.9626388888888889   , 0.05302777777777778   , 0.001                 , 0.30666433151105027 ,         0.9996989262676499,          0
 99, G     ,                  1.0, 0.9808333333333332   , 0.014083333333333333  , 0.0010555555555555557 , 0.11911331038004606 ,         0.9999876289304015,          0
100, A     ,                  1.0, 0.9553611111111111   , 0.02619444444444445   , 0.0063055555555555564 , 0.23208179674861107 ,         0.9998575679779808,          0
101, W     ,                  1.0, 0.9032222222222224   , 0.06222222222222223   , 0.01930555555555556   , 0.477312914230289   ,         0.9986680159646576,          0
102, L     ,                  1.0, 0.8505277777777778   , 0.13858333333333336   , 0.019722222222222224  , 0.7120007205517366  ,         0.9868005970778396,          0
103, L     ,                  0.0, 0.6970555555555555   , 0.3081388888888889    , 0.010111111111111112  , 0.9608111445943488  ,         0.9107688880177772,          6
104, S     ,                  0.0, 0.6386944444444445   , 0.3610277777777778    , 0.004722222222222223  , 0.9823000046920871  ,         0.7954109495836503,         17
105, P     ,                  1.0, 0.03052777777777778  , 0.9693055555555554    , 0.0011111111111111113 , 0.2093344301040542  ,         0.9999093852212787,          0
106, R     ,                  1.0, 0.010722222222222223 , 0.9897222222222223    , 0.0005833333333333335 , 0.09256481754911393 ,         0.9999835578243226,          0
107, L     ,                  1.0, 0.006000000000000001 , 0.9941666666666664    , 2.777777777777778e-05 , 0.05336666887853547 ,         0.9999979810729603,          0
108, C     ,                  1.0, 0.0036111111111111114, 0.9966944444444444    , 0.0                   , 0.03448954785668984 ,         0.999999753097251 ,          0
109, D     ,                  1.0, 0.003638888888888889 , 0.9967777777777778    , 0.0                   , 0.03471129106467368 ,         0.9999991209717143,          0
110, A     ,                  1.0, 0.003027777777777778 , 0.9973611111111111    , 0.0                   , 0.029686702670425096,         0.9999998563314583,          0
111, L     ,                  1.0, 0.0033888888888888896, 0.9969722222222221    , 0.0                   , 0.03267654606048466 ,         0.9999994047235766,          0
112, M     ,                  1.0, 0.0038611111111111116, 0.9965555555555555    , 0.0                   , 0.03650038734551487 ,         0.9999991801577611,          0
113, A     ,                  1.0, 0.0061666666666666675, 0.9946944444444443    , 0.0                   , 0.05410153498328369 ,         0.9999921591706377,          0
114, M     ,                  1.0, 0.00588888888888889  , 0.9946944444444443    , 0.0                   , 0.05206904677876771 ,         0.999987739719311 ,          0
115, D     ,                  1.0, 0.00425              , 0.9963611111111111    , 0.0                   , 0.039580837766681   ,         0.9999979364778016,          0
116, V     ,                  1.0, 0.0046944444444444455, 0.9959444444444446    , 0.0                   , 0.04304429413483019 ,         0.999999253543023 ,          0
117, M     ,                  1.0, 0.009555555555555557 , 0.9914722222222222    , 5.555555555555556e-05 , 0.07862674847647003 ,         0.9999799701091548,          0
118, L     ,                  1.0, 0.025500000000000005 , 0.9763611111111109    , 0.00019444444444444446, 0.17368680245390214 ,         0.9996908122998612,          0
119, C     ,                  1.0, 0.00852777777777778  , 0.9920833333333334    , 0.00025               , 0.07416310185428765 ,         0.9999819756820084,          0
120, T     ,                  1.0, 0.004333333333333334 , 0.9961944444444446    , 0.0                   , 0.04023817986580971 ,         0.999998197761383 ,          0
121, A     ,                  1.0, 0.003888888888888889 , 0.9965555555555556    , 0.0                   , 0.03672183647097437 ,         0.999999491505575 ,          0
122, S     ,                  1.0, 0.0031388888888888894, 0.9974444444444442    , 0.0                   , 0.030607661073081733,         0.9999998756358598,          0
123, I     ,                  1.0, 0.0026944444444444446, 0.9979999999999998    , 0.0                   , 0.026865294966303792,         0.9999997808731949,          0
124, F     ,                  1.0, 0.0024722222222222224, 0.9979999999999998    , 0.0                   , 0.02496153361721004 ,         0.9999997426256071,          0
125, N     ,                  1.0, 0.002638888888888889 , 0.9979999999999998    , 0.0                   , 0.02639199351680063 ,         0.9999997617494008,          0
126, L     ,                  1.0, 0.002888888888888889 , 0.9979999999999998    , 0.0                   , 0.028508683620439155,         0.9999998980064326,          0
127, C     ,                  1.0, 0.0027500000000000003, 0.9979999999999998    , 0.0                   , 0.0273368968623439  ,         0.9999998063715867,          0
128, A     ,                  1.0, 0.0030000000000000005, 0.997972222222222     , 0.0                   , 0.02943964210531995 ,         0.9999999999997478,          0
129, I     ,                  1.0, 0.005055555555555557 , 0.9958611111111113    , 5.555555555555556e-05 , 0.04666537653785719 ,         0.999995425773223 ,          0
130, S     ,                  1.0, 0.017944444444444447 , 0.9841944444444446    , 0.00036111111111111115, 0.1341103060136141  ,         0.9998101222239498,          0
131, V     ,                  0.0, 0.08869444444444445  , 0.9174166666666667    , 0.0008333333333333335 , 0.43959454524810393 ,         0.9668508232015245,          4
132, D     ,                  1.0, 0.08041666666666666  , 0.9233888888888888    , 0.002527777777777778  , 0.42687615851649374 ,         0.9864348599411259,          0
133, R     ,                  1.0, 0.019472222222222224 , 0.9765555555555557    , 0.014055555555555556  , 0.24272589687822918 ,         0.9992073697598255,          0
134, F     ,                  1.0, 0.017444444444444443 , 0.9540833333333334    , 0.047888888888888884  , 0.3971182460548446  ,         0.9864578667921463,          0
135, V     ,                  1.0, 0.02555555555555556  , 0.9635833333333333    , 0.029305555555555553  , 0.3562900920189364  ,         0.9954049380420265,          0
136, A     ,                  1.0, 0.04638888888888889  , 0.9414722222222223    , 0.027833333333333335  , 0.4470424217002111  ,         0.99390429588699  ,          0
137, V     ,                  0.0, 0.25469444444444445  , 0.7410555555555556    , 0.012555555555555558  , 0.9067417443371019  ,         0.9474732179426291,          4
138, A     ,                  1.0, 0.8168611111111113   , 0.21855555555555556   , 0.0019722222222222224 , 0.7620525345326109  ,         0.9920830049968056,          0
139, V     ,                  1.0, 0.9761388888888889   , 0.029333333333333336  , 0.0010277777777777778 , 0.2016547028857461  ,         0.9997214877135414,          0
140, P     ,                  0.0, 0.6300833333333333   , 0.4021111111111111    , 0.0015000000000000002 , 0.9788952456086327  ,         0.8856232465436504,          9
141, L     ,                  0.0, 0.5872222222222222   , 0.4305555555555556    , 0.0018333333333333335 , 1.0000616268142621  ,         0.926145680336671 ,          9
142, R     ,                  0.0, 0.42975              , 0.5792222222222221    , 0.0016666666666666668 , 1.0001095489453933  ,         0.9474409779824565,          8
143, Y     ,                  1.0, 0.21530555555555558  , 0.7781388888888888    , 0.0018333333333333335 , 0.7721444370874848  ,         0.9769495595529031,          0
144, N     ,                  1.0, 0.1576388888888889   , 0.8373055555555555    , 0.0024444444444444453 , 0.6538052066871411  ,         0.9904579810708496,          0
145, R     ,                  0.0, 0.35302777777777783  , 0.6571944444444445    , 0.0012500000000000002 , 0.9461473922870555  ,         0.9607350179233576,          2
146, Q     ,                  0.0, 0.4275833333333334   , 0.6000000000000001    , 0.001527777777777778  , 0.9942300048194878  ,         0.9180544223027457,         18
147, G     ,                  0.0, 0.6634722222222221   , 0.36700000000000005   , 0.0012777777777777779 , 0.9520209268098241  ,         0.9349745881171133,          8
148, G     ,                  0.0, 0.20466666666666666  , 0.7929999999999998    , 0.0011944444444444448 , 0.7445575232960381  ,         0.9027001668224193,          7
149, S     ,                  1.0, 0.026694444444444448 , 0.9731944444444444    , 0.0011944444444444446 , 0.19064417338002063 ,         0.9997736045646055,          0
150, R     ,                  1.0, 0.011194444444444444 , 0.9892222222222222    , 0.00025               , 0.09190925678122754 ,         0.9999801088540871,          0
151, R     ,                  1.0, 0.00438888888888889  , 0.9958611111111111    , 0.0                   , 0.040682792700114254,         0.9999985861779649,          0
152, Q     ,                  1.0, 0.003027777777777778 , 0.9977499999999997    , 0.0                   , 0.02967686580494405 ,         0.9999999719241424,          0
153, L     ,                  1.0, 0.002944444444444445 , 0.997972222222222     , 0.0                   , 0.028975279684093778,         0.9999999458060742,          0
154, L     ,                  1.0, 0.002166666666666667 , 0.9979999999999998    , 0.0                   , 0.02229492146808971 ,         0.9999998565715456,          0
155, L     ,                  1.0, 0.002861111111111111 , 0.9979999999999998    , 0.0                   , 0.02827513525756501 ,         0.9999998764921646,          0
156, I     ,                  1.0, 0.002777777777777778 , 0.9979999999999998    , 0.0                   , 0.027572071045714797,         0.999999821511257 ,          0
157, G     ,                  1.0, 0.0029722222222222225, 0.9978333333333332    , 0.0                   , 0.02921111178575311 ,         0.9999999720810632,          0
158, A     ,                  1.0, 0.0031388888888888894, 0.9975277777777776    , 0.0                   , 0.030605489610974045,         0.9999998757874382,          0
159, T     ,                  1.0, 0.0038333333333333336, 0.9968888888888888    , 0.0                   , 0.036268399309731456,         0.9999989858317923,          0
160, W     ,                  1.0, 0.0030000000000000005, 0.9974999999999999    , 0.0                   , 0.02945149285117109 ,         0.9999999999976624,          0
161, L     ,                  1.0, 0.0032222222222222227, 0.9972777777777778    , 0.0                   , 0.031300543705779484,         0.9999998207693054,          0
162, L     ,                  1.0, 0.004777777777777778 , 0.9958611111111111    , 0.0                   , 0.04368689831405691 ,         0.9999967345379702,          0
163, S     ,                  1.0, 0.015333333333333334 , 0.9862500000000001    , 0.00019444444444444446, 0.11687335649684129 ,         0.9997858767761536,          0
164, A     ,                  1.0, 0.01202777777777778  , 0.9889166666666664    , 0.0003333333333333333 , 0.09817733658834937 ,         0.9999458041186414,          0
165, A     ,                  1.0, 0.013138888888888891 , 0.987972222222222     , 0.0003333333333333333 , 0.1051496274269975  ,         0.9999684080978171,          0
166, V     ,                  1.0, 0.018972222222222224 , 0.9824166666666666    , 0.00044444444444444447, 0.14100160740458423 ,         0.999917585007419 ,          0
167, A     ,                  1.0, 0.013111111111111112 , 0.9879444444444445    , 0.00036111111111111115, 0.10529737113212766 ,         0.9999621089274703,          0
168, A     ,                  1.0, 0.00986111111111111  , 0.9912222222222221    , 0.00019444444444444446, 0.08245913066778218 ,         0.9999630219106382,          0
169, P     ,                  1.0, 0.008833333333333335 , 0.9923055555555556    , 0.00011111111111111112, 0.0744971164333442  ,         0.999981071359867 ,          0
170, V     ,                  1.0, 0.0056388888888888895, 0.99525               , 5.555555555555556e-05 , 0.05106138667357691 ,         0.9999946278746717,          0
171, L     ,                  1.0, 0.009777777777777778 , 0.9918611111111113    , 0.00022222222222222223, 0.08220452604614154 ,         0.9999698763320678,          0
172, C     ,                  1.0, 0.027277777777777783 , 0.9759166666666665    , 0.0007222222222222223 , 0.18852181394842005 ,         0.999784646621219 ,          0
173, G     ,                  1.0, 0.03749999999999999  , 0.9655555555555555    , 0.0011111111111111113 , 0.24238123401034267 ,         0.9993180431643125,          0
174, L     ,                  1.0, 0.1282222222222222   , 0.8816944444444444    , 0.0020555555555555557 , 0.5690288994438701  ,         0.9823870794326283,          0
175, N     ,                  0.0, 0.51                 , 0.5318055555555554    , 0.0014166666666666668 , 1.0132180043343453  ,         0.9626488867959145,         13
176, D     ,                  1.0, 0.763888888888889    , 0.25677777777777777   , 0.003361111111111111  , 0.8429090468974588  ,         0.9877628748057595,          0
177, V     ,                  1.0, 0.7093055555555555   , 0.3109166666666667    , 0.006555555555555557  , 0.9370941173423522  ,         0.9753394530788466,          0
178, R     ,                  1.0, 0.8978611111111111   , 0.13033333333333333   , 0.00425               , 0.5847724541903468  ,         0.9971690532331581,          0
179, G     ,                  1.0, 0.960972222222222    , 0.03786111111111111   , 0.004222222222222223  , 0.27090633709400463 ,         0.9996889506561467,          0
180, R     ,                  1.0, 0.9748611111111108   , 0.018166666666666668  , 0.004194444444444445  , 0.17045427499480706 ,         0.9999385879419436,          0
181, D     ,                  1.0, 0.9858055555555557   , 0.00852777777777778   , 0.00425               , 0.11054598313309773 ,         0.9999942044351681,          0
182, P     ,                  0.0, 0.8081111111111111   , 0.21916666666666662   , 0.009000000000000001  , 0.8132802811260724  ,         0.9669135042822128,          2
183, A     ,                  0.0, 0.5733333333333333   , 0.3809444444444445    , 0.028472222222222225  , 1.1315719392182193  ,         0.882765835276741 ,         19
184, V     ,                  0.0, 0.45541666666666664  , 0.43083333333333335   , 0.07141666666666664   , 1.3076769087884683  ,         0.851815452802476 ,         20
185, C     ,                  0.0, 0.5080277777777777   , 0.32316666666666666   , 0.10902777777777778   , 1.3698663264504087  ,         0.8434159175086077,         15
186, R     ,                  0.0, 0.58025              , 0.16975000000000004   , 0.1710833333333333    , 1.3207303808712914  ,         0.803029973135237 ,         10
187, L     ,                  0.0, 0.48733333333333334  , 0.18180555555555558   , 0.2617777777777777    , 1.4636743618327321  ,         0.7312684090532549,         12
188, E     ,                  0.0, 0.53125              , 0.16074999999999998   , 0.2253611111111111    , 1.394218915515974   ,         0.7973497265455808,         10
189, D     ,                  0.0, 0.7601388888888889   , 0.07191666666666667   , 0.1049722222222222    , 0.8828982801941672  ,         0.9452593076838727,          2
190, R     ,                  1.0, 0.9353333333333332   , 0.025222222222222226  , 0.02288888888888889   , 0.33063374037384785 ,         0.9989536911433786,          0
191, D     ,                  1.0, 0.8389166666666665   , 0.16977777777777778   , 0.007138888888888889  , 0.709609113836967   ,         0.9521834956045019,          0
192, Y     ,                  0.0, 0.24341666666666667  , 0.7646944444444445    , 0.0013333333333333335 , 0.8109408800349822  ,         0.9102977166548059,          8
193, V     ,                  1.0, 0.061916666666666655 , 0.9379444444444444    , 0.0015555555555555557 , 0.3512528282542487  ,         0.9952192279747367,          0
194, V     ,                  1.0, 0.022555555555555558 , 0.978638888888889     , 0.0006111111111111112 , 0.16271118579313856 ,         0.9992724323792598,          0
195, Y     ,                  1.0, 0.01641666666666667  , 0.9843333333333332    , 0.0008055555555555557 , 0.13007652540591477 ,         0.9998109602274348,          0
196, S     ,                  1.0, 0.018361111111111116 , 0.983361111111111     , 0.0005555555555555557 , 0.13867792758171615 ,         0.9997122253301681,          0
197, S     ,                  1.0, 0.02013888888888889  , 0.9811111111111112    , 0.0006944444444444445 , 0.15025364010870054 ,         0.999602564330018 ,          0
198, V     ,                  1.0, 0.02780555555555556  , 0.9732777777777779    , 0.0008888888888888889 , 0.19322137420634886 ,         0.9995179752253798,          0
199, C     ,                  1.0, 0.039416666666666676 , 0.9611666666666667    , 0.0012777777777777779 , 0.25330150012287017 ,         0.9992361356521781,          0
200, S     ,                  0.0, 0.20255555555555557  , 0.8055833333333333    , 0.0013888888888888892 , 0.7378301109522769  ,         0.9664667091427472,          4
201, F     ,                  0.0, 0.6176111111111111   , 0.4146111111111111    , 0.001                 , 0.9820641608982602  ,         0.9642968246690226,          6
202, F     ,                  0.0, 0.4118055555555556   , 0.6003055555555555    , 0.0012500000000000002 , 0.9873274627787733  ,         0.8753284114728739,         18
203, L     ,                  0.0, 0.3026111111111111   , 0.6972777777777778    , 0.0013055555555555555 , 0.8977224868650334  ,         0.9291568822551202,          6
204, P     ,                  1.0, 0.1434444444444444   , 0.8427222222222223    , 0.0019444444444444446 , 0.6177006407033158  ,         0.9915793873602797,          0
205, C     ,                  1.0, 0.019194444444444445 , 0.9805555555555556    , 0.001166666666666667  , 0.1498000665002029  ,         0.999931269336171 ,          0
206, P     ,                  1.0, 0.0063611111111111125, 0.994                 , 5.555555555555556e-05 , 0.05640709421375763 ,         0.9999923430042084,          0
207, L     ,                  1.0, 0.0041666666666666675, 0.9962222222222223    , 0.0                   , 0.038931268184470395,         0.9999992723811406,          0
208, M     ,                  1.0, 0.003027777777777778 , 0.9974444444444442    , 0.0                   , 0.02968459418259729 ,         0.9999999717463349,          0
209, L     ,                  1.0, 0.0030833333333333338, 0.9970833333333332    , 0.0                   , 0.03015614932707711 ,         0.999999862859629 ,          0
210, L     ,                  1.0, 0.0030000000000000005, 0.9976388888888886    , 0.0                   , 0.029448006276872538,         0.9999999999978428,          0
211, L     ,                  1.0, 0.0032500000000000007, 0.997138888888889     , 0.0                   , 0.031533064385005284,         0.9999998053340016,          0
212, Y     ,                  1.0, 0.003416666666666667 , 0.9969722222222221    , 0.0                   , 0.03290331730822327 ,         0.9999996897272424,          0
213, W     ,                  1.0, 0.003277777777777778 , 0.9973611111111109    , 0.0                   , 0.031755529278753226,         0.9999997326774037,          0
214, A     ,                  1.0, 0.0031388888888888894, 0.9976388888888889    , 0.0                   , 0.030602594841730307,         0.9999998756916096,          0
215, T     ,                  1.0, 0.0031111111111111114, 0.9973611111111109    , 0.0                   , 0.030379607578718017,         0.9999998968756075,          0
216, F     ,                  1.0, 0.0032222222222222227, 0.9972777777777778    , 0.0                   , 0.031300543705779484,         0.9999998205505712,          0
217, R     ,                  1.0, 0.0035555555555555557, 0.9970833333333334    , 0.0                   , 0.03402895993202837 ,         0.9999995698230554,          0
218, G     ,                  1.0, 0.0041666666666666675, 0.9963055555555553    , 0.0                   , 0.038928526972395884,         0.9999983996001857,          0
219, L     ,                  1.0, 0.0051666666666666675, 0.9955555555555556    , 0.0                   , 0.046655179263038526,         0.9999968659172316,          0
220, Q     ,                  1.0, 0.00788888888888889  , 0.9930277777777778    , 2.777777777777778e-05 , 0.06685560539784789 ,         0.9999839431788081,          0
221, R     ,                  1.0, 0.00988888888888889  , 0.9910555555555555    , 5.555555555555556e-05 , 0.08085386348176156 ,         0.999944078201057 ,          0
222, W     ,                  1.0, 0.008055555555555557 , 0.9929166666666666    , 2.777777777777778e-05 , 0.06801148744691342 ,         0.9999713823143129,          0
223, E     ,                  1.0, 0.006055555555555556 , 0.9948611111111112    , 0.00016666666666666666, 0.05560454281607276 ,         0.999984275025323 ,          0
224, V     ,                  1.0, 0.013805555555555557 , 0.9878055555555556    , 0.00019444444444444446, 0.10759439240071723 ,         0.9997362397946951,          0
225, A     ,                  1.0, 0.02077777777777778  , 0.9808611111111111    , 0.00041666666666666664, 0.15080607294392923 ,         0.9995184382113872,          0
226, R     ,                  1.0, 0.029666666666666668 , 0.9735                , 0.0008611111111111113 , 0.20205516927647857 ,         0.9996084785842807,          0
227, R     ,                  1.0, 0.06075              , 0.9441666666666665    , 0.0021111111111111113 , 0.35022403058070245 ,         0.9949707750441895,          0
228, A     ,                  1.0, 0.0941111111111111   , 0.9056944444444444    , 0.005027777777777779  , 0.4932950886505164  ,         0.9871394265004512,          0
229, K     ,                  1.0, 0.15444444444444447  , 0.8425833333333334    , 0.009805555555555557  , 0.6949802412231842  ,         0.967341724286909 ,          0
230, L     ,                  0.0, 0.35986111111111113  , 0.6410833333333332    , 0.00852777777777778   , 1.0046425861970898  ,         0.8571804361550891,          8
231, H     ,                  0.0, 0.5948333333333333   , 0.40049999999999997   , 0.011805555555555557  , 1.0529303902144354  ,         0.8922860244968218,         11
232, G     ,                  1.0, 0.8634444444444443   , 0.11638888888888888   , 0.018111111111111116  , 0.6472272590495538  ,         0.988124069191488 ,          0
233, R     ,                  1.0, 0.9312222222222223   , 0.037611111111111116  , 0.019500000000000003  , 0.3721099342977535  ,         0.9993163417421465,          0
234, A     ,                  1.0, 0.9470555555555555   , 0.019833333333333335  , 0.021111111111111115  , 0.29027655858599993 ,         0.9999160355183261,          0
235, P     ,                  1.0, 0.9469722222222224   , 0.01966666666666667   , 0.025944444444444447  , 0.3142675037893949  ,         0.9999050486312644,          0
236, R     ,                  1.0, 0.9289166666666667   , 0.021555555555555557  , 0.035777777777777776  , 0.3755123591017308  ,         0.9997900609986825,          0
237, R     ,                  1.0, 0.9559444444444445   , 0.016694444444444446  , 0.020111111111111114  , 0.26555702945931403 ,         0.9999352228967707,          0
238, P     ,                  1.0, 0.9610277777777776   , 0.02075               , 0.011277777777777779  , 0.2357475849265981  ,         0.9999732005637544,          0
239, S     ,                  1.0, 0.972611111111111    , 0.01702777777777778   , 0.007500000000000001  , 0.18838121108491906 ,         0.9999848976573716,          0
240, G     ,                  1.0, 0.98225              , 0.010194444444444443  , 0.005277777777777778  , 0.12977048909391317 ,         0.9999973700385604,          0
241, P     ,                  1.0, 0.9831388888888887   , 0.00913888888888889   , 0.004527777777777779  , 0.11705429558492528 ,         0.9999976140244995,          0
242, G     ,                  1.0, 0.9855               , 0.00802777777777778   , 0.0037222222222222223 , 0.10300453084545044 ,         0.9999990300596462,          0
243, P     ,                  1.0, 0.9851388888888886   , 0.008416666666666668  , 0.003055555555555556  , 0.1002782886137032  ,         0.9999988280480967,          0
244, P     ,                  1.0, 0.9841944444444444   , 0.009333333333333336  , 0.0031111111111111114 , 0.10698889713578645 ,         0.9999981973609205,          0
245, S     ,                  1.0, 0.9834444444444446   , 0.00952777777777778   , 0.0032500000000000007 , 0.10948803703152203 ,         0.9999975662026153,          0
246, P     ,                  1.0, 0.9826666666666666   , 0.010694444444444444  , 0.003194444444444445  , 0.11672919373635256 ,         0.99999788527664  ,          0
247, T     ,                  1.0, 0.9849166666666667   , 0.009138888888888889  , 0.0031111111111111114 , 0.10562827386441255 ,         0.9999989837231059,          0
248, P     ,                  1.0, 0.9853333333333334   , 0.00877777777777778   , 0.002944444444444445  , 0.10178704173704815 ,         0.9999977592292839,          0
249, P     ,                  1.0, 0.9851944444444443   , 0.008833333333333335  , 0.0032777777777777783 , 0.10492169489993185 ,         0.9999966876011475,          0
250, A     ,                  1.0, 0.9783333333333333   , 0.014944444444444446  , 0.0041666666666666675 , 0.15119367772781445 ,         0.9995423952793021,          0
251, P     ,                  1.0, 0.9718888888888889   , 0.017055555555555556  , 0.006194444444444444  , 0.17946952956246764 ,         0.9994452728096999,          0
252, R     ,                  1.0, 0.9545277777777778   , 0.021805555555555557  , 0.01163888888888889   , 0.24491307738261742 ,         0.999369667154693 ,          0
253, L     ,                  1.0, 0.9730555555555553   , 0.012916666666666667  , 0.007805555555555556  , 0.16612514096062897 ,         0.9999814684222854,          0
254, P     ,                  1.0, 0.9773055555555555   , 0.012222222222222225  , 0.005916666666666667  , 0.1479369696119444  ,         0.9999940503483226,          0
255, Q     ,                  1.0, 0.9711111111111109   , 0.01563888888888889   , 0.0074444444444444445 , 0.18020756053234446 ,         0.9999848833476368,          0
256, D     ,                  1.0, 0.9803055555555554   , 0.011027777777777779  , 0.005583333333333333  , 0.13761412190773675 ,         0.9999954185045874,          0
257, P     ,                  1.0, 0.9778333333333331   , 0.013027777777777779  , 0.005750000000000001  , 0.1516318510986103  ,         0.9999908433395047,          0
258, C     ,                  1.0, 0.9706944444444443   , 0.013972222222222223  , 0.009305555555555558  , 0.18296421961715179 ,         0.9999829476792562,          0
259, G     ,                  1.0, 0.9655555555555555   , 0.014555555555555556  , 0.01102777777777778   , 0.19839054968093836 ,         0.9999684702424142,          0
260, P     ,                  1.0, 0.9607499999999999   , 0.02166666666666667   , 0.009722222222222222  , 0.23078714079091556 ,         0.9999428603303545,          0
261, D     ,                  1.0, 0.9554999999999999   , 0.02383333333333333   , 0.012000000000000002  , 0.25758559060196423 ,         0.9998664385932305,          0
262, C     ,                  1.0, 0.9536388888888889   , 0.02316666666666667   , 0.012750000000000003  , 0.2591041579226574  ,         0.999892347275606 ,          0
263, A     ,                  1.0, 0.9764999999999999   , 0.011694444444444445  , 0.0069722222222222225 , 0.1522872033430753  ,         0.9999911651442358,          0
264, P     ,                  1.0, 0.983722222222222    , 0.008722222222222223  , 0.005277777777777778  , 0.11988275291054487 ,         0.9999973972371602,          0
265, P     ,                  1.0, 0.982972222222222    , 0.009833333333333336  , 0.004750000000000001  , 0.12336433152449568 ,         0.9999966160974435,          0
266, A     ,                  1.0, 0.975222222222222    , 0.014666666666666668  , 0.005666666666666667  , 0.16125040250992956 ,         0.999980767287237 ,          0
267, P     ,                  1.0, 0.9715833333333332   , 0.020194444444444445  , 0.0056388888888888895 , 0.19300220102535745 ,         0.9999109855287903,          0
268, G     ,                  1.0, 0.9689166666666666   , 0.01947222222222222   , 0.007                 , 0.1991795753299617  ,         0.9999307863974082,          0
269, L     ,                  1.0, 0.9675277777777777   , 0.01738888888888889   , 0.00863888888888889   , 0.19896249432125665 ,         0.9999778478102097,          0
270, P     ,                  1.0, 0.9724166666666664   , 0.014527777777777778  , 0.008166666666666668  , 0.17841372676219466 ,         0.9999827353655483,          0
271, R     ,                  1.0, 0.9701111111111111   , 0.014361111111111111  , 0.00875               , 0.1816896588111479  ,         0.9999873331410927,          0
272, G     ,                  1.0, 0.9774722222222221   , 0.012000000000000002  , 0.006888888888888891  , 0.1534926538952504  ,         0.9999943920158211,          0
273, P     ,                  1.0, 0.9729444444444445   , 0.013777777777777778  , 0.00827777777777778   , 0.17459874157838035 ,         0.9999876480684816,          0
274, C     ,                  1.0, 0.9672777777777777   , 0.01513888888888889   , 0.010333333333333335  , 0.19712282745449222 ,         0.9999785886548912,          0
275, G     ,                  1.0, 0.9737222222222223   , 0.014055555555555556  , 0.007305555555555557  , 0.16949167530702372 ,         0.9999819669524426,          0
276, P     ,                  1.0, 0.9638333333333331   , 0.026027777777777778  , 0.0074444444444444445 , 0.23761507964299058 ,         0.9998915028389417,          0
277, D     ,                  1.0, 0.9549444444444446   , 0.024972222222222226  , 0.012416666666666668  , 0.26609400791632976 ,         0.9999211064230014,          0
278, C     ,                  1.0, 0.9478055555555556   , 0.025972222222222223  , 0.014194444444444445  , 0.28338706760457905 ,         0.9998887526811067,          0
279, A     ,                  1.0, 0.9684166666666667   , 0.016611111111111115  , 0.009083333333333336  , 0.1973374722206433  ,         0.9999706657659775,          0
280, P     ,                  1.0, 0.9659444444444445   , 0.022722222222222224  , 0.007972222222222223  , 0.22382741213168242 ,         0.9998919203400491,          0
281, A     ,                  1.0, 0.9681111111111113   , 0.02091666666666667   , 0.007611111111111112  , 0.2113969847667637  ,         0.9999473618378849,          0
282, A     ,                  1.0, 0.9716111111111112   , 0.01830555555555556   , 0.006222222222222223  , 0.1867816496624542  ,         0.9999813499761576,          0
283, P     ,                  1.0, 0.9741944444444444   , 0.019305555555555562  , 0.005472222222222222  , 0.18651313831847707 ,         0.9999705622113861,          0
284, S     ,                  1.0, 0.9770277777777776   , 0.014805555555555556  , 0.005583333333333333  , 0.1612259701477347  ,         0.9999745631240771,          0
285, L     ,                  1.0, 0.9790277777777777   , 0.011277777777777779  , 0.005944444444444445  , 0.14199563566263942 ,         0.9999878951127058,          0
286, P     ,                  1.0, 0.9826388888888888   , 0.009388888888888891  , 0.005250000000000001  , 0.12423758599298915 ,         0.9999801026498394,          0
287, Q     ,                  1.0, 0.9729722222222225   , 0.01238888888888889   , 0.00802777777777778   , 0.16440262126865934 ,         0.9999123897994813,          0
288, D     ,                  1.0, 0.9770833333333333   , 0.012111111111111112  , 0.006250000000000001  , 0.14968446555337733 ,         0.9999766962174861,          0
289, P     ,                  1.0, 0.9724166666666666   , 0.016972222222222225  , 0.006500000000000001  , 0.1810989975160149  ,         0.999952123797111 ,          0
290, C     ,                  1.0, 0.970083333333333    , 0.018000000000000002  , 0.007166666666666667  , 0.19196808252117545 ,         0.9999023358514011,          0
291, G     ,                  1.0, 0.9727777777777776   , 0.01852777777777778   , 0.005666666666666667  , 0.1838328151839676  ,         0.9998726117777825,          0
292, P     ,                  1.0, 0.9604444444444444   , 0.035777777777777776  , 0.0061666666666666675 , 0.2758903547840405  ,         0.9995553577996499,          0
293, D     ,                  1.0, 0.9577222222222223   , 0.02808333333333333   , 0.009611111111111114  , 0.2634466424736827  ,         0.999860837154763 ,          0
294, C     ,                  1.0, 0.9631944444444446   , 0.021083333333333336  , 0.009250000000000001  , 0.22413616217213606 ,         0.9999103661368101,          0
295, A     ,                  1.0, 0.9812222222222222   , 0.009777777777777778  , 0.005722222222222223  , 0.1304463351976255  ,         0.9999940253178982,          0
296, P     ,                  1.0, 0.9863333333333332   , 0.007694444444444445  , 0.003944444444444445  , 0.10239694393633568 ,         0.9999988183225264,          0
297, P     ,                  1.0, 0.983361111111111    , 0.010277777777777778  , 0.0037222222222222223 , 0.11822865967851476 ,         0.9999979834108303,          0
298, A     ,                  1.0, 0.9814444444444442   , 0.01138888888888889   , 0.003888888888888889  , 0.126880280329833   ,         0.9999966943650702,          0
299, P     ,                  1.0, 0.9779166666666667   , 0.014805555555555556  , 0.004194444444444445  , 0.15063692407888382 ,         0.999992182611571 ,          0
300, G     ,                  1.0, 0.979777777777778    , 0.01188888888888889   , 0.004722222222222223  , 0.13667657276700132 ,         0.9999952064377978,          0
301, L     ,                  1.0, 0.9809722222222221   , 0.01027777777777778   , 0.004722222222222223  , 0.1262610603766675  ,         0.9999959436075988,          0
302, P     ,                  1.0, 0.982722222222222    , 0.010083333333333335  , 0.004333333333333334  , 0.12182622332935368 ,         0.9999830864007841,          0
303, P     ,                  1.0, 0.9773055555555555   , 0.013666666666666667  , 0.004694444444444445  , 0.1477198618779353  ,         0.9999657329784516,          0
304, D     ,                  1.0, 0.9816944444444443   , 0.011555555555555557  , 0.004055555555555556  , 0.12922037602983907 ,         0.9999941252169368,          0
305, P     ,                  1.0, 0.9679444444444445   , 0.027138888888888893  , 0.004611111111111112  , 0.22212660145078927 ,         0.9998369800976095,          0
306, C     ,                  1.0, 0.9716944444444445   , 0.021250000000000005  , 0.005388888888888889  , 0.19686134997483426 ,         0.999907081855194 ,          0
307, G     ,                  1.0, 0.9595277777777778   , 0.040861111111111105  , 0.005361111111111112  , 0.29276487727336403 ,         0.998545404388681 ,          0
308, S     ,                  1.0, 0.9547499999999999   , 0.04305555555555555   , 0.007083333333333334  , 0.3152671705954133  ,         0.9993005726873128,          0
309, N     ,                  1.0, 0.9522499999999999   , 0.03261111111111111   , 0.009583333333333333  , 0.2861224919964231  ,         0.999641863743646 ,          0
310, C     ,                  1.0, 0.9618888888888887   , 0.021194444444444446  , 0.009472222222222224  , 0.22642479895394074 ,         0.9999317593368221,          0
311, A     ,                  1.0, 0.9796944444444444   , 0.009722222222222222  , 0.006750000000000001  , 0.13766499584837238 ,         0.9999939165144959,          0
312, P     ,                  1.0, 0.9860277777777777   , 0.007555555555555556  , 0.004277777777777779  , 0.10407122683926368 ,         0.999996878660044 ,          0
313, P     ,                  1.0, 0.8795555555555554   , 0.13883333333333334   , 0.0036111111111111114 , 0.6063735789262626  ,         0.9452246963504483,          0
314, D     ,                  0.0, 0.8181111111111111   , 0.19863888888888892   , 0.004611111111111112  , 0.7510198636843621  ,         0.9163724462034426,          2
315, A     ,                  0.0, 0.6511666666666668   , 0.3418611111111111    , 0.0046944444444444455 , 0.9676182241843196  ,         0.7118777331735792,          9
316, V     ,                  0.0, 0.6598888888888889   , 0.32752777777777786   , 0.007138888888888889  , 0.9715171744381117  ,         0.7144742348280165,          9
317, R     ,                  0.0, 0.7779166666666667   , 0.2061111111111111    , 0.009861111111111112  , 0.8133701810501954  ,         0.8494949347567009,         10
318, A     ,                  0.0, 0.8310277777777779   , 0.15816666666666668   , 0.008611111111111113  , 0.7001528120580681  ,         0.88076585468267  ,         10
319, A     ,                  0.0, 0.8903333333333333   , 0.11422222222222222   , 0.006805555555555555  , 0.5657787231893904  ,         0.9525024848981466,          2
320, A     ,                  1.0, 0.9279444444444446   , 0.07916666666666666   , 0.005833333333333334  , 0.4460961622508468  ,         0.9870823278557336,          0
321, L     ,                  1.0, 0.9750277777777779   , 0.017833333333333333  , 0.005222222222222223  , 0.17633825478778578 ,         0.9997036707330137,          0
322, P     ,                  1.0, 0.9736944444444445   , 0.01411111111111111   , 0.0063611111111111125 , 0.16316318670569135 ,         0.999902750807061 ,          0
323, P     ,                  1.0, 0.972861111111111    , 0.016916666666666667  , 0.005555555555555556  , 0.1738945865765814  ,         0.9999402637761311,          0
324, Q     ,                  1.0, 0.9714166666666666   , 0.01916666666666667   , 0.005527777777777778  , 0.18657201872641505 ,         0.99988708658441  ,          0
325, T     ,                  1.0, 0.9685               , 0.018833333333333334  , 0.007388888888888889  , 0.19841678630399234 ,         0.9998156940290954,          0
326, P     ,                  1.0, 0.9675833333333332   , 0.01725               , 0.00852777777777778   , 0.19742002690614951 ,         0.9998623789331628,          0
327, P     ,                  1.0, 0.94225              , 0.049361111111111106  , 0.009972222222222223  , 0.3631183510465084  ,         0.993622057543692 ,          0
328, Q     ,                  1.0, 0.8875               , 0.09872222222222221   , 0.01538888888888889   , 0.576658889612731   ,         0.9730914633885234,          0
329, T     ,                  0.0, 0.7904166666666667   , 0.1776388888888889    , 0.022138888888888892  , 0.8267840867547791  ,         0.8782010458480557,          6
330, R     ,                  0.0, 0.7521111111111112   , 0.1994722222222222    , 0.026861111111111113  , 0.9018751823614708  ,         0.842122125684086 ,          8
331, R     ,                  0.0, 0.7201388888888888   , 0.20916666666666664   , 0.04127777777777778   , 0.9903829975251256  ,         0.8189461804615514,          8
332, R     ,                  0.0, 0.7301944444444444   , 0.19708333333333336   , 0.05586111111111111   , 1.0185911567561832  ,         0.8339246910087533,          8
333, R     ,                  0.0, 0.6828333333333334   , 0.2519166666666666    , 0.05830555555555555   , 1.1137013396029856  ,         0.747655302923971 ,         13
334, R     ,                  0.0, 0.6427222222222224   , 0.3078888888888889    , 0.033611111111111105  , 1.09232387795668    ,         0.6864736082814064,         13
335, A     ,                  0.0, 0.6713611111111111   , 0.27799999999999997   , 0.03722222222222222   , 1.0712130752242648  ,         0.7345406154508167,         12
336, K     ,                  0.0, 0.723722222222222    , 0.23505555555555555   , 0.030500000000000003  , 0.9772863245919321  ,         0.8309622303396884,         10
337, I     ,                  0.0, 0.6539722222222222   , 0.3156111111111112    , 0.018833333333333337  , 1.0290266367845513  ,         0.7224895610874017,         11
338, T     ,                  0.0, 0.6494722222222222   , 0.3308333333333333    , 0.011277777777777779  , 1.00166281218878    ,         0.6956385806596036,         11
339, G     ,                  0.0, 0.6891944444444443   , 0.30480555555555555   , 0.006250000000000001  , 0.9384458846962681  ,         0.744746950219805 ,         11
340, R     ,                  0.0, 0.6070555555555556   , 0.4035277777777778    , 0.006277777777777778  , 1.0187407962675146  ,         0.6933538633152853,         11
341, E     ,                  0.0, 0.5019722222222222   , 0.5080555555555555    , 0.007805555555555556  , 1.0572134101435946  ,         0.6964150431877462,         11
342, R     ,                  0.0, 0.4036111111111111   , 0.6060277777777778    , 0.007750000000000001  , 1.0279619460989025  ,         0.7529890596452701,         13
343, K     ,                  0.0, 0.23730555555555555  , 0.7621944444444444    , 0.004722222222222222  , 0.8301409994819764  ,         0.8011200530198475,         10
344, A     ,                  0.0, 0.14275000000000004  , 0.8550833333333333    , 0.0028888888888888888 , 0.6190000003966702  ,         0.8937375350644022,         10
345, M     ,                  1.0, 0.07033333333333332  , 0.9264166666666664    , 0.0025555555555555557 , 0.3927850271989969  ,         0.9840676797877529,          0
346, R     ,                  1.0, 0.05522222222222223  , 0.9451111111111109    , 0.0018611111111111111 , 0.32705699323182064 ,         0.997194258485545 ,          0
347, V     ,                  1.0, 0.014194444444444445 , 0.9863611111111111    , 0.0013333333333333333 , 0.121906702404385   ,         0.9999390937357129,          0
348, L     ,                  1.0, 0.009527777777777777 , 0.9908333333333333    , 0.0007222222222222223 , 0.08613705265661954 ,         0.9998826683113176,          0
349, P     ,                  1.0, 0.023194444444444448 , 0.977722222222222     , 0.0007500000000000001 , 0.1676396748670521  ,         0.9985322801076394,          0
350, V     ,                  1.0, 0.01188888888888889  , 0.9888055555555556    , 0.0007500000000000001 , 0.10180383391772811 ,         0.9999068425226777,          0
351, V     ,                  1.0, 0.008777777777777778 , 0.9917222222222222    , 0.00075               , 0.0813503184848119  ,         0.9999526196893009,          0
352, V     ,                  1.0, 0.013194444444444446 , 0.9883888888888888    , 0.0016944444444444444 , 0.11898268259383671 ,         0.9995903231032705,          0
353, G     ,                  1.0, 0.043611111111111114 , 0.9554444444444444    , 0.0017777777777777779 , 0.27712498506608935 ,         0.9857778772064035,          0
354, A     ,                  1.0, 0.01225              , 0.9884722222222222    , 0.0019166666666666668 , 0.11514587746754228 ,         0.9998327443174404,          0
355, F     ,                  1.0, 0.005916666666666667 , 0.9946944444444443    , 0.00030555555555555555, 0.05626245954277671 ,         0.999982596341124 ,          0
356, L     ,                  1.0, 0.007                , 0.9935833333333333    , 0.00025               , 0.06347782904874012 ,         0.9999856197657404,          0
357, L     ,                  1.0, 0.01952777777777778  , 0.9820555555555553    , 0.0005833333333333334 , 0.14562050883106004 ,         0.9998784424254641,          0
358, C     ,                  1.0, 0.058499999999999996 , 0.9437222222222221    , 0.001                 , 0.33199714678457504 ,         0.9990769260713891,          0
359, W     ,                  1.0, 0.050527777777777776 , 0.951361111111111     , 0.0010833333333333335 , 0.3001217104879176  ,         0.9988541309743998,          0
360, T     ,                  1.0, 0.03274999999999999  , 0.9685277777777779    , 0.0011111111111111113 , 0.22004662570374475 ,         0.9997453943130471,          0
361, P     ,                  1.0, 0.06075              , 0.9415                , 0.0014722222222222224 , 0.3453135018231185  ,         0.998755545050468 ,          0
362, F     ,                  1.0, 0.06936111111111111  , 0.9335833333333332    , 0.0017222222222222224 , 0.3803714181387011  ,         0.9973364797976136,          0
363, F     ,                  1.0, 0.050361111111111106 , 0.95275               , 0.0015555555555555557 , 0.3035078222886823  ,         0.9976904851215419,          0
364, V     ,                  1.0, 0.11675              , 0.8880833333333333    , 0.0013611111111111111 , 0.532444981811526   ,         0.976864860624416 ,          0
365, V     ,                  0.0, 0.1340277777777778   , 0.8663055555555556    , 0.003888888888888889  , 0.6026657514595237  ,         0.9534627357363562,          2
366, H     ,                  0.0, 0.2670555555555556   , 0.7429444444444445    , 0.004805555555555557  , 0.8727684603214513  ,         0.8399905240762354,          8
367, I     ,                  0.0, 0.4382222222222222   , 0.5666388888888889    , 0.0037500000000000003 , 1.0198756089243968  ,         0.6184970931857239,         11
368, T     ,                  0.0, 0.5277222222222222   , 0.47566666666666674   , 0.0021388888888888894 , 1.0178824252875196  ,         0.5227544916845459,         11
369, Q     ,                  0.0, 0.5205277777777778   , 0.4872777777777777    , 0.005805555555555556  , 1.0443893410806286  ,         0.5972598561780705,         11
370, A     ,                  0.0, 0.6619999999999999   , 0.3560555555555555    , 0.0046944444444444455 , 0.9718087957913412  ,         0.7454732023231861,         11
371, L     ,                  0.0, 0.7586388888888889   , 0.27416666666666667   , 0.0035277777777777777 , 0.8648408646588659  ,         0.8831775434389014,         13
372, C     ,                  1.0, 0.9637499999999998   , 0.04541666666666667   , 0.0019722222222222224 , 0.2846362507196296  ,         0.9997837343629116,          0
373, P     ,                  1.0, 0.9333055555555555   , 0.08941666666666666   , 0.002527777777777778  , 0.4516918209595561  ,         0.9970022831029027,          0
374, A     ,                  1.0, 0.9001388888888889   , 0.13147222222222224   , 0.0028333333333333335 , 0.5761385820038598  ,         0.995756518384169 ,          0
375, C     ,                  1.0, 0.9176666666666667   , 0.10702777777777778   , 0.004472222222222223  , 0.5211931305957873  ,         0.9973240935431275,          0
376, S     ,                  1.0, 0.948861111111111    , 0.03988888888888889   , 0.0051666666666666675 , 0.2895171258184397  ,         0.9996594492789185,          0
377, V     ,                  1.0, 0.9648333333333332   , 0.03397222222222221   , 0.0026944444444444446 , 0.2404038110589346  ,         0.9989285829130802,          0
378, P     ,                  1.0, 0.7975833333333334   , 0.23619444444444446   , 0.0019444444444444446 , 0.793600782747375   ,         0.9694682451351991,          0
379, P     ,                  1.0, 0.0905               , 0.9083055555555555    , 0.0005555555555555557 , 0.44506575206822085 ,         0.9920135841910437,          0
380, R     ,                  1.0, 0.04102777777777778  , 0.9595833333333332    , 0.0019166666666666668 , 0.2664199081008998  ,         0.9996780285199899,          0
381, L     ,                  1.0, 0.01638888888888889  , 0.9841666666666666    , 0.0015555555555555557 , 0.13713580231069278 ,         0.9999361039833404,          0
382, V     ,                  1.0, 0.006416666666666668 , 0.9938888888888889    , 0.0014722222222222224 , 0.07181796937846396 ,         0.9999882514760656,          0
383, S     ,                  1.0, 0.0059722222222222225, 0.9940000000000002    , 0.0012222222222222224 , 0.06622175067360218 ,         0.9999884916496993,          0
384, A     ,                  1.0, 0.005333333333333333 , 0.9955277777777779    , 0.0006944444444444445 , 0.056152850361585294,         0.9999961966949087,          0
385, V     ,                  1.0, 0.004527777777777779 , 0.9959722222222221    , 0.00047222222222222224, 0.047631078273128576,         0.999994051329236 ,          0
386, T     ,                  1.0, 0.003916666666666667 , 0.9967777777777778    , 5.555555555555556e-05 , 0.03779886662703464 ,         0.9999988215905472,          0
387, W     ,                  1.0, 0.004305555555555556 , 0.9962222222222221    , 0.0                   , 0.04002025431578527 ,         0.9999992575657248,          0
388, L     ,                  1.0, 0.006666666666666668 , 0.9941111111111112    , 0.0                   , 0.05774055361132243 ,         0.999995107370866 ,          0
389, G     ,                  1.0, 0.017388888888888888 , 0.9845555555555554    , 0.00022222222222222223, 0.12930461599639506 ,         0.9998672343379176,          0
390, Y     ,                  1.0, 0.027972222222222225 , 0.9738055555555554    , 0.0008333333333333335 , 0.19341498993127101 ,         0.9998383203522587,          0
391, V     ,                  1.0, 0.033861111111111106 , 0.9677222222222225    , 0.0010277777777777778 , 0.22458011276313805 ,         0.9999112448303874,          0
392, N     ,                  1.0, 0.03888888888888888  , 0.9616388888888889    , 0.0010555555555555557 , 0.248772244907726   ,         0.9998688123051183,          0
393, S     ,                  1.0, 0.049166666666666664 , 0.9504166666666668    , 0.0016111111111111113 , 0.29973078740342884 ,         0.9997610933674063,          0
394, A     ,                  1.0, 0.15249999999999997  , 0.8459722222222222    , 0.0014444444444444446 , 0.6314599070858078  ,         0.9949687996034364,          0
395, L     ,                  1.0, 0.18158333333333332  , 0.8155555555555556    , 0.0015000000000000002 , 0.6998834464325034  ,         0.9918614947704699,          0
396, N     ,                  1.0, 0.16994444444444443  , 0.8335555555555554    , 0.0011388888888888892 , 0.668202650432892   ,         0.985425093436926 ,          0
397, P     ,                  1.0, 0.031166666666666662 , 0.9699166666666665    , 0.0013333333333333333 , 0.21440191569460818 ,         0.9999220171556262,          0
398, V     ,                  1.0, 0.014138888888888888 , 0.9870277777777776    , 0.0006944444444444445 , 0.11522410557291216 ,         0.9999723599394923,          0
399, I     ,                  1.0, 0.00863888888888889  , 0.9923888888888889    , 0.00041666666666666675, 0.0768107937420754  ,         0.9999942292142568,          0
400, Y     ,                  1.0, 0.006027777777777779 , 0.9946111111111112    , 0.00030555555555555555, 0.05708035439397257 ,         0.9999969965241494,          0
401, T     ,                  1.0, 0.02502777777777778  , 0.97875               , 0.002472222222222222  , 0.19273489538797126 ,         0.999979489389289 ,          0
402, V     ,                  1.0, 0.15461111111111114  , 0.8465                , 0.008944444444444446  , 0.6884476650375512  ,         0.9951110437319411,          0
403, F     ,                  1.0, 0.728111111111111    , 0.309                 , 0.002194444444444445  , 0.8987150270488083  ,         0.9839059148006951,          0
404, N     ,                  1.0, 0.9808888888888888   , 0.01827777777777778   , 0.0011111111111111113 , 0.14410292959263815 ,         0.9999748317187974,          0
405, A     ,                  1.0, 0.012916666666666668 , 0.9883888888888888    , 0.0                   , 0.09945577148224127 ,         0.9999972211224823,          0
406, E     ,                  1.0, 0.012666666666666668 , 0.98825               , 0.0006388888888888889 , 0.10554912644422576 ,         0.9999975321160256,          0
407, F     ,                  1.0, 0.005583333333333333 , 0.9949722222222221    , 0.0                   , 0.04979867695938066 ,         0.9999997464026285,          0
408, R     ,                  1.0, 0.002611111111111111 , 0.9979999999999998    , 0.0                   , 0.02615469456053985 ,         0.9999997545779782,          0
409, N     ,                  1.0, 0.0030000000000000005, 0.9979999999999998    , 0.0                   , 0.02943894532075914 ,         1.0000000000000002,          0
410, V     ,                  1.0, 0.0030000000000000005, 0.9978888888888887    , 0.0                   , 0.029441732671016102,         0.9999999999990766,          0
411, F     ,                  1.0, 0.0029722222222222225, 0.9979999999999998    , 0.0                   , 0.029206962397226   ,         0.9999999721111339,          0
412, R     ,                  1.0, 0.0030000000000000005, 0.9979999999999998    , 0.0                   , 0.02943894532075914 ,         1.0000000000000002,          0
413, K     ,                  1.0, 0.004055555555555556 , 0.9968611111111111    , 0.0                   , 0.038034533182373244,         0.9999999451996361,          0
414, A     ,                  1.0, 0.010333333333333333 , 0.9916111111111113    , 0.0                   , 0.08286290064099604 ,         0.9999965033543727,          0
415, L     ,                  1.0, 0.034388888888888886 , 0.9700000000000001    , 0.001                 , 0.2263622338527511  ,         0.9999286564456517,          0
416, R     ,                  1.0, 0.1618055555555555   , 0.8465277777777778    , 0.0014166666666666668 , 0.6498564201367829  ,         0.9938068806814941,          0
417, A     ,                  1.0, 0.3068888888888889   , 0.6943611111111111    , 0.003416666666666667  , 0.9188592389793019  ,         0.9750569843121923,          0
418, C     ,                  1.0, 0.3503888888888889   , 0.6553888888888888    , 0.003027777777777778  , 0.9592856287296526  ,         0.9824809755956887,          0
419, C     ,                  1.0, 0.9990000000000001   , 0.00047222222222222235, 0.0                   , 0.005901093990493014,         0.9999997431375184,          0
